category,question,option1,option2,option3,option4,correct
英語,Jarry comes forward and shakes me___the hand.中間應填入哪的介係詞？,by,on,with,,1
英語,The sun rises___the east. 空格處應填入？,on,from,in,,3
英語,He ___ a pink sweater yesterday. 中間該填入哪個動詞？,wore,worn,weared,,1
英語,Sheep feed ___grass.中間應填入？,by,in,on,,3
英語,海綿寶寶最愛的寵物是誰？,Snail,Owl,Jellyfish,,1
英語,英文字母歌的最後一句歌詞唱到：＿＿ ＿＿ won’t you sing with me,Last time,This time,Next time,,3
英語,以下哪個選項屬於人體『器官』？,thick,chick,chin,,3
英語,以下哪一個英文字不是指『人』的意思？,spiderman,superman,walkman,,3
英語,被踩到腳時，中文我們會說『哎喲』，英文該怎麼說？,Whee!,Oops!,Ouch!,,3
英語,以下那一個數字最大？,million,trillion,billion,,2
英語,海綿寶寶的英文名字是 Sponge____？,Bob,Bubble,Babe,,1
英語,『a bunch of bananas』是指？,一簍香蕉,一串香蕉,香蕉樹林,,2
英語,媽咪是許多人對媽媽的暱稱，以下何者是美式媽咪的正確拼字？,mammy,mummy,mommy,,3
英語,Ketchup的意思是什麼？,番茄醬,投手,帆船,,1
健體,「捐血一袋，救人一命」請問需年滿幾歲才可進行？,17歲,18歲,19歲,,1
健體,人體中唯一可以隨意識運動，又稱『隨意肌』的是？,平滑肌,骨骼肌,心肌,,2
健體,小鈴過馬路時，聽到交通警察對他們吹『嗶嗶（ㄅㄧˋ）』兩短聲的哨音，這代表？,指揮前進,指揮停止,指揮後退,,3
健體,『水母漂』是頭在水中時，要憋氣憋到受不了，才可以慢慢吐氣，以免浪費體力？,O (正確),X (錯誤),,,2
健體,棒球比賽中的『不死三振』指的是？,擦棒界外算好球三振,高飛犧牲打,主審判好球但捕手漏接,,3
健體,人會不自覺的眨眼睛，最主要的功能是因為？,保持眼球的濕潤,展現放電的丰采,無意識反射動作,,1
健體,世界上第一支『刷毛牙刷』出自哪個國家？,中國,英國,印度,,1
健體,ＣＰＲ練習對象『甦醒安妮』，她的名稱由來是因為發明者？,自己叫安妮,太太叫安妮,女兒叫安妮,,3
健體,羽毛球賽制中，女子單打採『３戰２勝』，每局得分達多少時即勝出？,11分,15分,21分,,3
健體,剛出生的小嬰兒骨頭數量比成人多？,還要少,一樣多,還要多,,3
健體,晚間６：３０開打的中華職棒賽事，依照規定場上會有幾位裁判？,4位,5位,6位,,3
健體,關於麻疹的敘述何者有誤？,大部分發生在5歲以下,得過的人不會得第2次,人是麻疹病毒唯一宿主,,2
健體,貝氏刷牙法，刷毛和牙齒應呈現幾度？,15-30度角,30-45度角,45-60度角,,3
健體,『屁』若忍住不放，氣體將會回流至腸道，然後形成另一種人體反應『打嗝』？,O (正確),X (錯誤),,,2
健體,以下那種疾病不是經由飛沫傳染？,腮腺炎,禽流感,鼠疫,,2
健體,所謂臨時停車，是指車輛引擎未熄火，停止時間未滿幾分鐘？,3分鐘,4分鐘,5分鐘,,1
健體,洗完澎澎後，手會皺皺的是因為『角質層』吸收水分，使得細胞膨脹？,O (正確),X (錯誤),,,1
健體,台灣的棒球運動是由哪一國人引進的？,日本人,美國人,荷蘭人,,1
藝文,廟會中常見的舞龍舞獅，當中的舞獅是哪個朝代傳入中國的？,元朝,唐朝,漢朝,,3
藝文,夏凱爾、龐畢度等大師作品即將在台展出。主題『龐畢度中心』是在哪個國家？,法國,西班牙,義大利,,1
藝文,米老鼠今年８１歲，而在台灣剛剛歡度４０歲生日的是？,老夫子,大嬸婆,史艷文,,3
藝文,排灣族是台灣第三大原住民，他們的『祖靈祭』每幾年會舉行一次？,每年,3年,5年,,3
藝文,寶寶最愛聽的『搖籃曲』，作曲者是音樂之父『巴哈』？,O (正確),X (錯誤),,,2
藝文,曾經引領風潮的『黃梅調』是從哪種戲曲演變而來的？,崑曲,京戲,採茶歌,,3
藝文,呼拉圈中的『呼拉』是源自夏威夷語，它的意思是？,圓圈圈,歡呼語,舞蹈,,3
藝文,『剪刀石頭布』最早源自於哪一個國家？,義大利,日本,中國,,3
藝文,中國古典文學『水滸傳』與『金瓶梅』都有『武松』這號人物？,O (正確),X (錯誤),,,1
藝文,表現主義大師－孟克以畫作『吶喊』聞名世界，請問他是哪一國人？,瑞典,丹麥,挪威,,3
藝文,中國的『紙鳶』起源自哪個時期？,戰國時期,東漢時期,唐朝時期,,2
藝文,相聲表演常見的扇子，原本不是用來搧風取涼，而是遮陽用的？,O (正確),X (錯誤),,,1
藝文,台灣第一部音樂辭典『台灣音樂百科辭書』流行音樂篇未出現哪一位歌手？,五月天,周杰倫,張惠妹,,3
常識,近視眼要配戴哪一種鏡片的眼鏡？,三稜鏡,凹透鏡,平面鏡,凸透鏡,2
常識,勾踐「臥薪嘗膽」是為了報復何國？,蜀國,吳國,越國,趙國,2
常識,美國的國花是什麼花？,玫瑰,康乃馨,百合,紫羅蘭,1
常識,中華郵政的郵差是什麼顏色？,黃,綠,白,藍,2
常識,寫春聯是什麼節日的傳統習俗？,清明節,新年,中秋節,端午節,2
常識,下列何者為目前陸地上最大哺乳動物？,河馬,大象,雪豹,犀牛,2
常識,下列何者是小說《西遊記》之中唐僧的徒弟？,孫燕姿,孫悟空,孫中山,孫芸芸,2
常識,「欲窮千里目」的下一句是？,隔水問樵夫,更上一層樓,坐看雲起時,勇者鬥惡龍,2
常識,下列何者不是偵探？,金田一,苗栗小五郎,福爾摩斯,柯南,2
常識,當憲法語意模糊不清時，可申請由誰來解釋之？,大法官,檢察官,法官,警察,1
常識,以下寶寶何者以「企業吉祥物」的身分出道？,大同寶寶,花園寶寶,天線寶寶,海綿寶寶,1
常識,「米其林指南」是什麼？,美食旅遊指南,食譜索引,減肥指南,輪胎圖鑑,1
常識,請問鹿茸是指鹿的哪個部位？,鹿腳指甲,鹿角,鹿尾巴上的毛,鹿耳朵裡的毛,2
常識,練習CPR時所使用的人型模型名字為何？,奧薇拉,瓊安,潔西卡,安妮,4
常識,燒臘店裡的「三寶飯」不會有哪項主菜？,叉燒,燒鴨,嫩羊,油雞,3
常識,不小心搖晃到汽水罐時，哪項行為可以避免汽水噴發？,在汽水罐壁輕敲幾下,用冷水沖汽水罐,用力敲汽水罐上方,倒置汽水罐,1
常識,若上課遲到5分鐘罰25元，小明遲到15分鐘要罰多少錢？,75,你不懂小明,50,125,1
常識,何者是車內「破窗器」的正確使用方法？,敲擊車窗角落,敲擊車窗上半部,敲擊車窗中心,敲擊車窗下半部,1
常識,哪個美女並沒有在正史紀載，是虛構的？,西施,楊貴妃,王昭君,貂蟬,4
常識,「貓舌頭」是只吃東西的時候怕？,怕水,怕燙,怕填,怕冰,2
常識,下列何者是昆蟲？,蜘蛛,毛毛蟲,蠍子,蜈蚣,2
常識,義大利在地圖上看起來像？,秋海棠,鑽石,長靴,番薯,3
常識,網路用語「洋蔥文」是指怎麼樣的文章？,挑釁意味濃厚的文章,日記文,紀錄美食的文章,賺人熱淚的文章,4
常識,藥品分為三類，下列何者不是其中之一？,秘藥,成藥,處方藥,指示藥,1
常識,在寒冷的冬天，什麼穿法能有效保暖？,馬鈴薯穿法,包子式穿法,洋蔥式穿法,饅頭式穿法,3
常識,「識」字有幾筆畫？,21,15,17,19,4
常識,三杯雞中的「三杯」不含哪一調味料？,米酒,烏醋,醬油,麻油,2
常識,「過刀山」是一種？,植物,刀,食物,蛇,4
常識,何者並非一個品種的蛇？,響尾蛇,魯蛇,百步蛇,眼鏡蛇,2
常識,氣炸鍋的烹調原理？,悶,蒸,煮,烤,4
常識,熱帶雨林又叫做？,地球之肝,地球心臟,地球之眼,地球之肺,4
常識,世界最狹長的國家是？,智利,紐西蘭,阿根廷,義大利,1
常識,中國的「三節獎金」的「三節」不包括哪個節日？,中秋節,端午節,春節,清明節,4
常識,魚翅是採自於何種動物？,鯊魚,鯨魚,白帶魚,鮪魚,1
常識,小說《哈利波特》中霍格華茲哪個不是四個學院之一？,雷文克勞,鄧不利多,史萊哲林,格來分多,2
常識,以下哪些行為不能延長手機電池壽命？,刪除RAM,降低螢幕亮度,自拍,關掉執行中的App,3
常識,在比賽中超越第二名會變成？,最後一名,第一名,第三名,第二名,4
常識,現行新台幣中哪個不是銅幣？,壹圓,五十元,拾元,都是銅幣,4
常識,筆芯是哪種材質構成？,硫,磷,碳,鉛,3
常識,「既生瑜，何生亮」中的亮是指誰？,曹操,豬哥亮,孔明,劉備,3
常識,下列何者是光武帝劉秀的名言？,吾為始皇帝,朕知道了,有志者事竟成,我管定了,3
常識,成語「聞雞起舞」典故中祖逖用的是何種兵器？,刀,棍,槍,劍,4
常識,人類生存最基本的三個要素不包括？,陽光,水,Wifi,空氣,3
常識,英文字母大小寫配對哪個錯誤？,R/r,Q/p,E/e,M/m,2
常識,下列親戚關係何者應稱呼為「嬸嬸」？,伯父的妻子,叔父的妻子,父親的妹妹,母親的妹妹,2
常識,結婚戒指普遍戴在哪隻指頭上？,無名指,中指,拇指,食指,1
常識,哪三種植物被譽為「歲寒三友」？,櫻梅蘭,松竹梅,桑柳竹,竹梅桂,2
category,question,option1,option2,option3,option4,correct
常識,哆啦A夢最喜愛的食物是？,鯛魚燒,銅鑼燒,豬血糕,老鼠,2
常識,「鱟」在生物學上的分類？,節肢動物門,腔腸動物門,軟體動物門,棘皮動物門,1
常識,「大蘋果」是哪一個城市的名稱？,巴黎,紐約,東京,香港,2
常識,白煮蛋正確的煮法是？,放在枕頭下孵七七四十九天,先水滾後放蛋,先放蛋後滾水,詢問劉昂星,2
常識,鄭經治台時改國號為什麼國？,鄭經,西寧,東寧,高砂,3
常識,(猜一個字)目加兩點莫作貝字猜？,員,昔,賀,苜,3
常識,日本名著的明治神宮位於？,山形,東京,大阪,神戶,2
常識,地球目前總共有幾個自然衛星？,數十萬個,難以計算,一個,數百萬個,3
常識,水稻的子葉是屬於？,單子葉,雙子葉,多子葉,三子葉,1
常識,具有公信力的調解委員會設置於何者？,縣市議會,警察局,地方法院,鄉鎮市區公所,4
常識,歌劇「費加洛婚禮」為何者作品？,莫札特,貝多芬,巴哈,柴可夫斯基,1
常識,水溫降到攝氏幾度以下會結冰？,20,30,0,10,3
常識,電影少林足球中大師兄的武功？,鬼影擒拿手,無堅不摧鐵頭功,金鐘罩鐵布衫,風火地堂腿,2
常識,被稱為「第七藝術」的是？,馬戲團,話劇,電影,電視,3
常識,「點秋江白鷺沙鷗，傲殺人間萬戶侯，不識字煙波釣叟。」出自何者？,白樸,馬致遠,關漢卿,鄭光祖,1
常識,著有道德經為道家始祖的是？,李鼻,李斯,李威,李耳,4
常識,十三行文化遺址在台北縣哪裡發現？,八里,陽明山,淡水,五股,1
常識,塔羅牌是首先出現在哪一個國家？,西班牙,法國,奧匈帝國,義大利,4
常識,高氣壓在北半球的流動方向？,向南,不一定,順時針,逆時針,3
常識,電影「失落的帝國」是以哪一個古文明背景拍攝的？,亞特蘭提斯,波斯,瑪雅,埃及,1
常識,少量白雲母最可能之火成岩種類為何？,花崗岩,輝長岩,橄欖岩,玄武岩,1
常識,根據選罷法規定，政黨得票率要達到百分之多少才能參予不分區當選名額分配？,百分之五,百分之二十,百分之十,百分之七,1
常識,臭氧層的臭氧減少的主因是下列何種化合物？,二氧化氮,氯氧化合物,氟氯碳化物,二氧化碳,3
常識,「入木三分」這句成語是來自於誰的故事？,張旭,王羲之,郭璞,陸游,2
常識,在哈利波特小說中不會魔法的人稱為？,小黃瓜,南瓜,麻瓜,絲瓜,3
常識,鐵人三項比賽中自行車項目的距離為幾公里？,30,20,10,40,4
常識,「泊秦准」「商女不知亡國恨，隔江猶唱後庭花」出自何者？,李白,杜牧,杜甫,王維,2
常識,希臘神話中一年有幾季？,四,三,二,一,2
常識,卡通櫻桃小丸子中總是噗個不停的是？,山田,永澤,花輪,豬太郎,4
常識,豬籠草和毛氈苔主要藉由捕食昆蟲以獲得該地區缺乏的何種營養素？,鐵,氮,鉀,碳,2
常識,二次大戰期間的諾曼第登陸發生在哪一個國家？,法國,美國,西班牙,荷蘭,1
常識,請問下列何者是台中的名產？,阿給,太陽餅,臭豆腐,鴨賞,2
常識,科學小飛俠的隊長是？,阿龍,鐵雄,珍珍,大明,2
常識,畫家馬諦斯為何國人？,法國,英國,德國,丹麥,1
常識,雷鳥主要住在哪裡？,平地,盆地,高山,海邊,3
常識,下列何者不是印象派的畫家？,畢沙羅,米開朗基羅,雷諾瓦,莫內,2
常識,請問下列何者是宜蘭的名產？,太陽餅,阿給,鴨賞,臭豆腐,3
常識,電影「工夫」中周星馳花了多少錢買了武功秘笈？,2元,5元,20元,10元,4
常識,行人過馬路的小綠人跑步號誌是哪裡發明的？,台灣,英國,新加坡,法國,1
常識,胃酸的主要成分是？,鹽酸,硫酸,檸檬酸,胺基酸,1
常識,蒙古人統一中國時世居西域一帶最有可能是什麼階級的人？,蒙古人,色目人,南人,漢人,2
常識,第一位在日本職棒得到百戰百勝救援的台灣投手？,郭泰源,莊勝雄,郭源治,陳義信,3
常識,綠島的溫泉是屬於哪種溫泉？,平原,海底,洞穴,高山,2
常識,世界最大的貓科動物？,孟加拉虎,西伯利亞虎,非洲獅,美洲豹,2
常識,日劇大和拜金女的女主角職業？,空姐,銀行員,護士,老師,1
常識,下列何者不是日本室町時代的繪畫作品？,三條殿夜討卷,竹齋讀書圖,四季山水圖卷,瓢鯰圖,1
常識,三國演義中的空城計，空城指的是哪一個縣？,東城,西城,桐城,當陽,2
常識,何者能幫助血液凝結？,維他命D,維他命C,維他命A,維他命K,4
常識,人體內由肝臟分泌的膽汁顏色是？,藍黑色,黃綠色,紅色,紅褐色,2
常識,請問四角柱有幾個面？,6,3,5,4,1
常識,清朝時的地名「蛤仔難」位於今日台灣何縣市？,台南,桃園,宜蘭,台東,3
常識,華格納的歌劇「尼貝龍根的指環」中被奧丁放逐的女武神為？,史維特萊德,瓦爾特洛德,葛琳潔德,布倫希爾德,4
常識,下列著名的夜市何者非位於台北市內？,樂華夜市,士林夜市,饒河夜市,寧夏夜市,1
常識,蛇常常吐舌頭是為了？,散熱,找尋獵物,幫助移動,幫助呼吸,2
常識,下列何者不是中國古代四大發明？,指南針,火藥,占星,印刷,3
常識,職訓中心主要是為了協助何者就業？,欠缺工作能力者,缺少工作意願者,沒有工作需要者,缺乏求職行動者,1
常識,日本的警察階級哪一個比較大？,警視正,警視,警視長,警部,3
常識,目前已知地球海洋最大的深度為幾公尺？,5500m,22000m,11000m,8800m,3
常識,西洋人所稱呼的淑女蟲是指？,蠶,蟬,瓢蟲,蜻蜓,3
常識,電影「工夫」中周星馳去監獄救誰出來？,火雲邪神,包祖公,包祖婆,啞巴女,1
常識,清廷經營台灣下列哪一個行政區最晚設立？,彰化縣,諸羅縣,噶瑪蘭廳,淡水廳,3
常識,請問三角錐有幾個面？,3,6,5,4,4
常識,西漢哪位名將有一位皇后姐姐？,霍去病,衛青,李廣,李陵,2
常識,欲查詢天氣時可電話直播幾號查詢？,166,109,106,149,1
常識,請問梅雨的形成主要原因？,溫度升高,季節交替,季風交替,溫差過大,2
常識,下列哪一種岩石被認定具有較佳的孔隙率和較好的滲透率故被認定為它能形成重要的儲油層？,砂岩,大理岩,花崗岩,頁岩,1
常識,近年來被刪除在太陽系外的行星是？,海王星,土星,冥王星,天王星,3
常識,吹泡泡時候要？,用力吹,向上吹,輕輕吹,全部皆是,3
常識,混合氣體之壓力為各氣體分壓之總合稱為？,亨利定律,道爾吞定律,波以耳定律,理想氣體定律,2
常識,請問颱風登陸或出現最大風速的時候總是在哪個時間？,不一定,晚上,凌晨,下午,1
常識,請問尋秦記的作者是？,黃易,劉定堅,古龍,金庸,1
常識,Mickey Mouse的生日是幾號？,8月18日,11月18日,9月18日,10月18日,2
常識,中華職棒史上首位百全壘打、百盜壘的球員？,林易增,張泰山,林仲秋,陳致遠,2
常識,「但願人長久，千里共嬋娟。」出自蘇軾的何首作品？,水龍吟,念奴嬌,賀新郎,水調歌頭,4
常識,哪隻不是暴力昆蟲？,行軍蟻,黑寡婦,殺人蜂,日本大黃蜂,2
常識,「遊子吟」「慈母手中線，遊子身上衣」出自何者？,李白,韋應物,孟浩然,孟郊,4
常識,雄蟬和雌蟬交配時身體呈現什麼形狀？,一字型,V字型,S字型,I字型,2
常識,何者屬於台灣原住民的節慶活動？,放水燈,豐年祭,載香包,跳童乩,2
常識,地球與月球的距離約可排下幾個地球？,30,40,10,20,1
常識,有「水果之王」美名的，是哪一種水果？,柳丁,蘋果,榴槤,西瓜,3
常識,體積固定時，加壓時溫度會上升，減壓則相反，稱為？,亨利定律,理想氣體定律,道爾吞定律,查爾斯定律,2
常識,佛家說的「四大皆空」，四大指的是地、水、火以及？,風,金,銀,木,1
常識,請問三角柱有幾個面？,5,3,4,6,1
常識,地球與太陽之間的距離有多少公里？,一億,五千萬,二億五千萬,一億五千萬,4
常識,奧運射箭項目的箭靶有幾個得分區？,8,5,10,6,3
常識,一個圓形對折三次請問分成幾等份？,4,8,2,6,2
常識,「山中相送罷，日暮掩柴扉，春草年年綠，王孫歸不歸」出自何者？,李商隱,杜甫,王維,李白,3
常識,色彩三要素(三屬性)是指？,色相 明度 採紅,色相 明度 彩度,色相 明度 印度,色相 明度 亮度,2
常識,蘇格拉底的父親的職業？,農夫,雕刻家,軍人,老師,2
常識,雌性蠶蛾一個晚上大概可以產多少個卵？,400,600,500,300,3
常識,由1+2+3......+10請問總數是多少？,55,52,54,50,1
常識,水稻的葉子分成平坦部分跟鞘狀不分部分請問平坦部分的功用是？,光合作用,儲存養分,美觀大方,傳宗接代,1
常識,劉德華的英文名？,Andy,Jacky,Leon,Michael,1
常識,電影「功夫」中周星馳最後開了什麼店？,雜貨店,冰果店,冰店,糖果店,4
常識,司馬遷因替誰求情而被漢武帝處以宮刑？,李靖,李陵,李廣,李廣利,2
常識,明朝著名的傳教士利瑪竇來自？,英國,法國,義大利,德國,3
常識,下列何者是燕子築巢時會用到的材料？,全部皆是,枯草,唾液,溼泥巴,1
常識,「飛雪連天射白鹿 笑書神俠倚碧鴛」為何者作品之首字集成？,金庸,梁羽生,古龍,倪匡,1
常識,電影七夜怪談中7天之後會死亡的原因？,去海邊玩,對鏡子梳頭髮,在晚上洗澡,看了怪路影帶,4
常識,我們俗稱的安息香油是？,乙烯,甲烷,丙酮,苯,4
常識,已知果蠅體細胞內有四對染色體則其卵子中的染色體數？,四對染色體,兩對染色體,四條不成對染色體,兩條不成對染色體,3
常識,國際間決定原油供應量、影響油價波動的主要組織是？,APEC,OPEC,WTO,OECD,2
常識,「國破山河在，城春草木深」是誰的詩句？,李白,杜甫,王昌齡,王維,2
常識,「臥薪嘗膽」這句成語出自於誰的故事？,句踐,文種,伍子胥,范蠡,1
常識,提拉米蘇是哪一個國家的甜點？,荷蘭,法國,義大利,英國,3
常識,貝多芬在創作《第三交響曲》時本來是為了獻給誰？,俾斯麥,莫札特,拿破崙,海頓,3
常識,伯斯卡為哪一國的數學家及科學家？,法國,英國,德國,美國,1
常識,南美巨水鼠身長可達幾公分？,200,60,80,140,4
常識,追隨桃太郎的動物當中不包含哪一種動物？,貓,猴子,雞,狗,1
常識,世界上最大的海洋？,太平洋,北極海,印度洋,大西洋,1
常識,飛機的發明和下列哪種動物的外形構造有關？,魚,鳥,響尾蛇,青蛙,2
常識,哪項非螞蟥在醫療上的用途？,有效防止血凝固,刺激被接駁器官的血液循環,避免大量出血,減低因血液積聚所引起的血壓,3
常識,遠古時代傳說黃帝於何地打敗蚩尤？,官渡,涿鹿,沙鹿,涿牛,2
常識,西元1600到1750年間西洋音樂史上稱為什麼？,浪漫樂派時代,流行音樂時代,文藝復興時代,巴羅克時代,4
常識,唐朝詩人善有長恨歌描寫楊貴妃生平的是？,張繼,白居易,韓愈,杜光庭,2
常識,為了救愛妾而引清兵入關的明末將領稱？,索尼,鰲拜,吳二桂,吳三桂,4
常識,清朝時何者訂「全台紳民公約」6條強烈排外嚴禁鴉片？,吳全,徐宗幹,吳沙,林國華,2
常識,目前為止被認為世界最準確的曆法是？,巴比倫曆,中國農曆,格里高里曆,馬雅曆,4
常識,創立坐標幾何的人是誰？,巴比,丟番圖,笛卡兒,畢達哥拉斯,3
常識,馬鈴薯的根是由哪裡長出來？,種薯,芽,芽眼,馬鈴薯,3
常識,柔道比賽何者得分最高？,Yuko,Ippon,Koka,Waza-ari,2
常識,子曰：君子不重則不「」..？,義,威,安,忠,2
常識,被刀子割傷數日後傷口因感染而紅腫發炎此時體內何種細胞會顯著增加？,神經細胞,白血球,肌肉細胞,紅血球,2
常識,下列何者不是標準化石應具備的特性？,演化速度快,化石的個體數多,分布範圍廣,生存期限長,4
常識,綠島的溫泉屬於哪種溫泉？,平原溫泉,洞穴溫泉,海底溫泉,高山溫泉,3
常識,世界第一部用立體音響的動畫片？,木偶奇遇記,小美人魚,幻想曲,小飛象,3
常識,受驚嚇的長頸鹿會有什麼動作？,狂奔,躲在草叢,低頭,把頭伸高,1
常識,古時候說的地牛翻身指的是哪一種天然災害？,乾旱,地震,颱風,海嘯,2
常識,下列哪一球隊為NBA東區的球隊？,籃網,國王,小牛,馬刺,1
常識,電視上使用的氣象衛星雲圖絕大多數是紅外線雲圖，請問紅外線雲圖靠什麼測出色調深淺不同的雲？,溼度,日照,風向,溫度,4
常識,荷蘭人曾於台灣何地興建熱蘭遮城？,淡水,赤崁,安平,基隆,3
常識,請問五角柱有幾個面？,8,6,7,5,3
常識,舉杯邀明月對影成三人是誰的詩句？,王昌齡,李白,杜甫,王維,2
常識,據說寫書法技巧好到能入木三分的書法家是？,王羲之,毆陽詢,顏真卿,柳公權,1
常識,月球的地心引力約為地球的多少？,5分之1,4分之1,6分之1,3分之1,3
常識,印度板塊和歐亞板塊相撞造成？,洛磯山脈,阿爾卑斯山脈,喜馬拉雅山脈,安地斯山脈,3
常識,世界上銅資源最豐富的國家？,秘魯,美國,智利,尚比亞,3
常識,星辰的世界觀屬於哪一種神話背景？,埃及,北歐,希臘,日本,3
常識,下列哪種動物的腳適合在水裡游？,貓,兔子,狗,鴨,4
常識,哪一個是宮崎駿的卡通電影最早期？,龍貓,點點滴滴的回憶,天空之城,風之谷,4
常識,下列何者是3的倍數？,55,10,95,57,4
常識,「射鵰英雄傳」中何者沒有當過郭靖的師傅？,洪七公,朱聰,黃藥師,哲別,3
常識,通常我們說的【三對三鬥牛】指的是哪一種球類運動？,籃球,桌球,排球,橄欖球,1
常識,若不幸遇到空難失蹤滿幾年可以申請死亡宣告？,二年,四年,一年,三年,3
常識,卡通櫻桃小丸子中的藤木同學被誰喜歡？,吉川綠,小丸子,美環,小玉,1
常識,音樂家海頓的第一任妻子？,伊莉莎白,瑪莉,安娜,夏綠蒂,3
常識,通電導體所產生的熱量和電流強度的平方、導體的電阻和通電時間成正比。,冷次定律,白努力定律,焦耳定律,法拉第定律,3
常識,花是屬於植物的哪一器官？,代謝器,呼吸器,生殖器,消化器,3
常識,秦二世時專擅朝政、指鹿為馬的是？,陳高,趙高,李斯,胡亥,2
常識,「蟯蟲」在生物學上的分類？,軟體動物門,節肢動物門,腔腸動物門,線形動物門,4
常識,兔子可以跳的又快又好主要是靠身上什麼部位？,身上柔軟的毛,長長的耳朵,強有力的後腿,紅紅的鳳眼,3
常識,我們俗稱的木精是？,丙醇,甲醇,丁醇,乙醇,2
常識,放大鏡的鏡片是哪一種面鏡？,凹透鏡,綾鏡,平面鏡,凸透鏡,4
常識,聖經中提到一個禮拜的第七天是星期幾？,星期日,星期一,星期五,星期六,4
常識,紅樓夢中劉姥姥進了什麼園？,牡丹園,園明園,頤和園,大觀園,4
常識,「紅豆生南國，春來發幾枝，願君多採擷，此物最相思。」出自何者？,王維,杜甫,李白,孟浩然,1
常識,牽牛花的子葉是屬於？,單子葉,雙子葉,多子葉,三子葉,2
常識,太陽系中擁有最多衛星的是？,土星,木星,金星,火星,1
常識,國王企鵝的孵蛋功作主要是由誰進行的？,媽媽,爸爸,保育人員,親友,2
常識,美國父親節是每年六月的第幾個禮拜天？,第四個,第一個,第三個,第二個,3
常識,日本神話的三神器中不包含下列何者？,八咫鏡,八尺瓊勾玉,天人的要石,天叢雲劍,3
常識,俗稱的﹝臘月﹞指的是農曆的幾月份？,七月,一月,三月,十二月,4
常識,遇山沿波而上升凝結繼續過山頂沿山波而下的增溫乾燥空氣稱為什麼風？,焚風,海風,季風,落山風,1
常識,會飛的動物身上都有什麼特殊構造？,翅膀,角,毛,尾巴,1
常識,曾子曰：吾日三省吾身：為人謀而不「」乎...？,仁,忠,孝,義,2
常識,雄蕊上的花粉被風吹到雌蕊上稱作為？,結粉,吹粉,授粉,散粉,3
常識,甲子園球場是哪一球隊的主場？,阪神,樂天,中日,羅德,1
常識,氧氣在大氣組成中所佔的比例？,5分之1,5分之3,5分之4,5分之2,1
常識,何者為力的公式？,p*e=n*r*t,w=f*s,f=m*a,v=a*t,3
常識,子曰：吾十五而志於學三十而立四十而「」...？,耳順,不惑,知天命,從心所欲,2
常識,小丸子的朋友中哪一位是戴眼鏡的？,藤木,山田,野口,小玉,4
常識,卡通南方四賤客中幾乎每一集都會死掉的是？,屎蛋,阿ㄆㄧㄚ,凱子,阿尼,4
常識,哪類植物沒有維管組織？,被子植物,蕨類植物,裸子植物,苔蘚植物,4
常識,東漢時誰再伐匈奴迫使匈奴單于逃往歐洲？,衛青,竇憲,李廣,霍去病,2
常識,在電影「斯巴達三百壯士」中溫泉關戰役帶領著斯巴達軍隊的國王是？,列奧尼達,達里茲,安東尼斯,阿罕列德,1
常識,羊駝的懷孕時間約多久？,223-252天,342-365天,535-625天,263-282天,2
常識,稻草燒成灰可以中和土壤酸性又可當肥料的成分是？,碳酸鉀,硫酸鈉,氯化鉀,氯化鈉,1
常識,漫畫「SNOOPY」中主人叫什麼名字？,查理湯瑪斯,查理王,查理布朗,查理士,3
常識,請問哪個國家的主要信仰不是天主教？,義大利,法國,墨西哥,希臘,4
常識,(猜一字)酒中沒有水簡直如見鬼？,酉,酒,愧,醜,4
常識,瓢蟲會不會冬眠？,會,有時候會有時候不會,不會,不關我的事,1
常識,申請中華民國普通護照的費用是新台幣多少錢？,一千兩百元,一千元,一千四百元,一千五百元,1
常識,1奈米等於10的負幾次方米？,負8幾次方米,負7幾次方米,負6幾次方米,負9幾次方米,4
常識,菇類的菌絲體相當於一般植物的哪個部分？,花,莖,根,葉,3
常識,下列何者不是候鳥？,砂岩燕,麻雀,寒雀,紅尾伯勞鳥,2
常識,漫畫灌籃高手中，有著一頭紅髮的人物是？,櫻木花道,仙道彰,赤木晴子,流川風,1
常識,土星是銀河中第幾大行星？,第二大,第三大,第四大,第一大,1
常識,採用王安石宰相的皇帝？,宋明宗,宋高宗,宋神宗,宋真宗,3
常識,請問清洗汽車電池的表面最好以什麼種的水來清洗？,鹽水,小蘇打水,純水,檸檬水,2
常識,下列何者非金庸所著之長篇武俠小說？,書劍恩仇錄,倚天屠龍記,笑傲江湖,絕代雙嬌,4
常識,太陽早上是由哪邊升起？,南方,東方,北方,西方,2
常識,台灣新文學之父，又稱仁道醫生？,劉永福,雷震,賴和,蔣渭水,3
常識,哪一種魚才是真正的魚？,鯨魚,海豚,章魚,吳郭魚,4
常識,哪一項活動不需要肌肉、骨骼和關節一起作用？,打籃球,游泳,倒立,發呆,4
常識,國共戰爭時期，打敗國民黨，建立中共政權的中共領導人為？,毛澤東,江澤民,鄧小平,胡錦濤,1
常識,太陽系中最大的行星是？,水星,火星,木星,土星,3
常識,大氣組成中含量最多的氣體是？,氮,二氧化碳,氫,氧,1
常識,小明給了同學們發糖果，十二位同學分到的數量都不同，問小明最少給多少顆？,77,78,75,76,2
常識,「蜀相」「出師未捷身先死，長使英雄淚滿襟」出自何者？,李白,王維,杜甫,白居易,3
常識,西洋棋總共有幾種職業？,6,5,7,4,1
常識,下列何者不是金庸筆下的人物？,胡斐,張君寶,曾柔,花無缺,4
常識,勞基法規定，勞工每兩週的工作，不得超過幾小時？,一百小時,八十小時,八十四小時,八十六小時,3
常識,一線圈內磁場發生變化時會感應產生電流其大小和磁場變化速率成正比是何定律？,法拉第定律,冷次定律,白努力定律,都卜勒效應,1
常識,貝多芬出生於？,匈牙利,德國,法國,奧地利,2
常識,蘋果在哪一年推出了Apple I個人電腦？,西元1978年,西元1974年,西元1972年,西元1976年,4
常識,中華職棒第一位完全打擊的本國選手？,廖敏雄,張泰山,陳該發,陳甘霖,3
常識,把水灑在哪一種地面上，水滲進去的速度最快？,草地,水泥地,磨石子地,沙地,4
常識,「棋逢敵手」意指？,棋藝很高,喜歡下棋,實力相當,遇到敵人,3
常識,下列何者即可分泌激素，又可分泌消化酵素？,胰臟,肝臟,腎臟,心臟,1
常識,缺乏何者易得夜盲症？,維他命C,鈣,維他命A,維他命B12,3
健體,未成年者非日常生活所必需之消費，須經法定代理人同意。,正確,錯誤,,,1
健體,根據統計，兒少性侵害事件中，加害者大部分是陌生人。,正確,錯誤,,,2
健體,在網路購物平臺購買鮮乳，鮮乳適用通訊交易7天無條件退貨的規定。,正確,錯誤,,,2
健體,會遭受性侵害都是受害者的錯，不應該穿著暴露，吸引加害者的注意。,正確,錯誤,,,2
健體,待人接物時，應以包容「個別差異」的角度思考，多為對方考量。,正確,錯誤,,,1
健體,偷用家人的信用卡是錯誤的行為，如果有消費需求，應與家人溝通。,正確,錯誤,,,1
健體,可以依據自己的身體界線決定如何與他人互動。,正確,錯誤,,,2
健體,平時應注意自己的言詞與態度，避免以輕浮的言行舉止待人。,正確,錯誤,,,1
健體,身體自主權是指一個人有保護自己的義務，並對自己的身體和感受有主張的權利。,正確,錯誤,,,1
健體,進行足球活動想要停下正在滾動的球時，可以利用足內側或足底停球。,正確,錯誤,,,1
健體,進行足球攻防賽時，當你是攻擊方經過他人的防守區，可以用離對手較近的腳控球。,正確,錯誤,,,2
健體,每個人容許自己身體被碰觸和注視的程度都相同。,正確,錯誤,,,2
健體,我們應交由父母幫自己決定身體界線範圍。,正確,錯誤,,,2
健體,消防員的工作只有男生適任，女生不適合。,正確,錯誤,,,2
健體,進行樂樂足球攻防賽時，如一方有犯規動作，由另一方在犯規地點發球，稱為「罰球點球」。,正確,錯誤,,,2
健體,男主外、女主內，做家事應該由女生全權負責。,正確,錯誤,,,2
健體,在公共廁所若發現有人尾隨在後，可以按緊急求救鈴請求協助。,正確,錯誤,,,1
健體,消費者有權利對商品或服務表達意見。,正確,錯誤,,,1
健體,我們可以透過陪伴、傾聽、尊重性侵受害者等方式，幫助他們面對創傷。,正確,錯誤,,,1
健體,只有女生可以用哭泣表達情緒。,正確,錯誤,,,2
健體,正足背前踢時，應以足內側觸球。,正確,錯誤,,,2
健體,消費者對通訊交易的商品不滿意時，可以在收到商品的一個月內退回商品，不用說明理由或負擔任何費用。,正確,錯誤,,,2
健體,政府、廠商應保障消費者安全和利益。,正確,錯誤,,,1
健體,購物後發現商品有問題，可攜帶商品和交易的發票或收據，向店家要求退貨或退費。,正確,錯誤,,,1
健體,若私密影像外流，可以到性影像處理中心線上申訴。,正確,錯誤,,,1
健體,樂樂足球攻防賽發球時，發球者必須先彎腰以手扶球固定，發球者的手離開球後，要在身體完全直立前將球踢出。,正確,錯誤,,,1
健體,進行樂樂足球攻防賽時，比賽開始、進球之後，發球者在角落往進攻方向踢球。,正確,錯誤,,,2
健體,進行足球活動搶球時，不能推人、拉人、絆人、踢人。,正確,錯誤,,,1
健體,看到限時特價的商品千萬不要錯過，買到就是賺到。,正確,錯誤,,,2
健體,性別刻板印象可能會局限個人的未來發展。,正確,錯誤,,,1
健體,「性別刻板印象」是指對於性別有特定的看法。,正確,錯誤,,,1
健體,未成年者可以自行簽訂契約，契約具有法律效力。,正確,錯誤,,,2
健體,與未滿16歲兒少從事性行為，即使非強迫還是屬於性侵害。,正確,錯誤,,,1
健體,常見性騷擾類型包含言語騷擾、肢體騷擾、視覺騷擾、權勢騷擾、跟蹤騷擾等等。,正確,錯誤,,,1
健體,只要是能幫助維持身體健康的食品，都可以標示「健康食品標章」。,正確,錯誤,,,2
健體,性騷擾可能發生在任何人身上，不分性別、不分年齡。,正確,錯誤,,,1
健體,男生和女生有各自適合的職業，例如：男生適合當消防員，女生適合當護理師。,正確,錯誤,,,2
健體,男生、女生都只能使用特定顏色。,正確,錯誤,,,2
健體,進行足球攻防賽時，當你是防守方有人經過自己的防守區，可以雙手張開，膝蓋微彎，靈活運用肢體阻擋對手。,正確,錯誤,,,1
健體,服裝設計師的工作只有女生適任，男生不適合。,正確,錯誤,,,2
健體,男生、女生都可能成為性侵害事件中的受害者。,正確,錯誤,,,1
健體,性侵害事件中的受害者都是女生。,正確,錯誤,,,2
健體,店家可以主張「商品售出，概不退換」。,正確,錯誤,,,2
健體,牙齒保健、免疫調節都是健康食品可以宣稱的保健功效。,正確,錯誤,,,1
健體,進行樂樂足球攻防賽時，一方將球踢出界後，由對方發球，由進另一方球員在防守方罰球點罰踢，踢向球門。,正確,錯誤,,,2
健體,藥品及醫療器材廣告未經政府核准或與核准內容不符，都是違法行為。,正確,錯誤,,,1
健體,抱持性別刻板印象，可能會造成對人的偏見、歧視。,正確,錯誤,,,1
健體,網路交易屬於「通訊交易」的其中一種類型。,正確,錯誤,,,1
健體,遇到消費爭議或糾紛時，最好不要提出申訴。,正確,錯誤,,,2
健體,平時應隨身攜帶哨子、防身警報器或防狼噴霧等物品，用來嚇阻他人的攻擊。,正確,錯誤,,,1
健體,如果發現食品中有違法食品添加物，可以透過「全國食安專線1919」檢舉。,正確,錯誤,,,1
健體,女生溫柔、細心，只適合擔任照護的工作，例如：護理師、幼兒園老師等等。,正確,錯誤,,,2
健體,女生天生不擅長數理，所以不應選擇科學相關工作。,正確,錯誤,,,2
健體,廣告可能透過各種行銷手法吸引消費者，消費前可運用「批判性思考」判斷廣告媒體的消費資訊，避免衝動消費。,正確,錯誤,,,1
健體,買到有問題的商品到店家申訴時，如果店家拒絕處理，可以撥打「全國消費者服務專線1950」投訴。,正確,錯誤,,,1
健體,身體界線是指一個人的身體可以暴露出來讓他人注視，或容許他人碰觸的限度。,正確,錯誤,,,1
健體,足球盤球時，膝蓋微彎，用腳輕輕觸球向前。,正確,錯誤,,,1
健體,消費者購物時沒有任何須盡的義務，如果商品有問題，都是商家的問題。,正確,錯誤,,,2
健體,任何食品都可以宣稱為健康食品，具有保健功效。,正確,錯誤,,,2
健體,正足背前踢時，足背觸球後應維持下壓，以確保球飛出的方向。,正確,錯誤,,,1
健體,若私密影像外流，可以到性影像處理中心線上申訴。,正確,錯誤,,,1
健體,性騷擾加害者只可能是陌生人。,正確,錯誤,,,2
健體,身體界線由自己決定，平時應清楚了解自己的身體界線。,正確,錯誤,,,1
健體,未使用暴力的權勢性行為不屬於性侵害。,正確,錯誤,,,2
健體,在網路購物平臺購買雜誌後，發現內容不符合自己預期，可以「通訊交易7天無條件退貨」的規定要求退回商品。,正確,錯誤,,,2
健體,晴睛很嚮往從事消防員的工作，但是爸爸認為消防員的工作危險性高不適合柔弱的女生，女生溫柔、細心應該當護理師照顧病人。你認同爸爸的想法嗎？為什麼？,認同，消防員的工作危險性都很高女生沒有能力擔任,認同，女生應善用自己溫柔、細心的特質選擇照護工作,不認同，女生的特質應是強壯、勇敢而不是溫柔、細心,不認同，工作適任與否並無性別之分，每個人都在各行各業中扮演重要的角色。,4
健體,青青認為「性侵害的加害者只可能是陌生人」，請問她的想法正確嗎？為什麼？,正確，因為大部分的陌生人都是壞人,正確，因為自己熟識的人都是好人會尊重他人的身體界線,不正確，因為熟識的人也可能是性侵害加害者，根據統計加害者超過8成是熟人,不正確，因為性侵害加害者都是在網路上認識的人。,3
健體,小雄在網路上看到一則性侵害事件的新聞報導，新聞下方出現許多責怪受害者的留言，想一想被性侵是受害者本身的問題嗎？為什麼？,加害者和受害者雙方都有問題,不是受害者的問題，因為意外難以預料，沒有人能精準的辨認出加害者並加以提防,是受害者的問題，受害者因穿著才會導致事件發生,是受害者的問題，因為受害者沒有保護好自己。,2
健體,爸爸在網路購物平臺購買鮮乳，收到商品後對品質不滿意，請問爸爸可以怎麼處理？,在收到商品的7天內退回商品,在收到商品的兩週內退回商品,直接請店家退費不須說明理由,由於鮮乳屬於易於腐敗、保存期限較短的商品故不適用通訊交易7天無條件退貨的規定。,4
健體,媽媽發現君君出門打籃球，生氣的對君君說：「你怎麼又去打籃球？女生應該要文靜、乖巧。」你認為媽媽的說法合理嗎？為什麼？,不合理，因為女生的特質應該是活潑、勇敢,不合理，因為每個人都有機會展現並發揮個人特有的性別特質，不應抱持性別刻板印象,合理，因為女生天生文靜適合參與閱讀、繪畫等靜態活動,合理，因為打籃球容易受傷不適合柔弱的女生參與。,2
健體,近年來私密影像外流的新聞層出不窮，網路使用安全越來越重要，下列關於避免私密影像外流的方法何者錯誤？,只跟親密友人分享私密影像,不答應任何拍攝私密影像的請求,堅定拒絕自拍私密影像,遭受犯罪者威脅時主動求助。,1
健體,小智認為「性侵害事件中的受害者都是女生，男生不會被性侵害」，請問他的想法正確嗎？為什麼？,正確，因為女生比較柔弱,正確，因為男生比較強壯所以不可能成為受害者,不正確，因為只有幼兒和國小學生可能成為受害者,不正確，因為不論男生、女生都可能成為性侵害事件中的受害者。,4
健體,遭遇性騷擾時，如果對方不尊重你的感受仍持續騷擾，該怎麼應變處理呢？,停留在原地默默哭泣,盡可能記錄發生的時間、地點、騷擾內容盡快找相關單位求助,躲藏在偏僻的巷弄,假裝沒有事情發生。,2
健體,小崇偷用媽媽的信用卡購買遊戲點數，媽媽收到帳單才發現。請問小崇和媽媽可以如何處理這次的情況呢？,由於遊戲點數是未成年者非日常生活所必需之消費須經法定代理人同意，因此可要求退還未使用費用,由於遊戲點數是日常生活所必需之消費，不能要求退費,由於遊戲點數已付款表示消費者同意購買，因此不能要求退費,由於遊戲點數為虛擬商品因此可以要求店家全額退費。,1
健體,請問性騷擾可能會發生在誰的身上？,健壯的男性,年長的女性,牙牙學語的幼兒,以上皆是,4
健體,如果不幸遭遇私密影像外流的情況，可以怎麼做？,刪除通訊軟體中的私密影像和對話,因對方威脅而刪除證據資料,因對方恐嚇而答應對方的條件,向家長、老師或值得信任的人與相關單位求助。,4
健體,爸爸為了參加鐵人三項競賽，在網路購物平臺訂購一輛自行車，檢查後對品質不滿意。這時可以怎麼處理呢？,在收到商品的兩週內退回商品不用說明理由或負擔任何費用,在收到商品的7天內退回商品不用說明理由或負擔任何費用,在收到商品的3天內退回商品並支付商品一半的費用,商品售出後就無法退貨或退費。,2
健體,下列哪一項不屬於兒少性剝削的犯罪型態？,拍攝兒童的性影像,販賣兒童性相關語音,跟蹤騷擾兒童,利用兒童做猥褻行為以供人觀覽。,3
健體,小雯看到一則關於性騷擾的新聞報導，爸媽藉由新聞內容和小雯討論身體界線，請問以下討論的內容哪一項錯誤？,每個人的身體界線都相同,身體界線由自己決定,平時應清楚了解自己的身體界線,與人互動時要尊重他人的身體界線。,1
健體,小哲認為「女生適合粉紅色、男生適合藍色」，所以班級服裝應該要女生穿粉紅色、男生穿藍色，你認同他的想法嗎？,認同，男生、女生有各自適合的顏色,認同，粉紅代表溫柔是只適合女生的顏色,不認同，女生適合藍色，男生適合粉紅色,不認同，每人都可以喜歡並選擇各種顏色。,4
健體,同學間開玩笑的行為不僅違法，還可能因此成為網路兒少性剝削的加害者。請問下列何者的行為已違法？,小峰拒絕拍攝私密影像,洋洋轉傳別人的私密影像,小靈不談論性剝削受害者的個人資訊,佳佳刪除轉傳的私密影像。,2
健體,小宏在文具店購買彩色筆，回家後發現許多枝都無法畫出顏色。向店家要求退貨但店員主張「商品售出，概不退換」，小宏可以採取什麼行動？,大聲的與店員爭論直到店家退費,向店員說明這違反《消費者保護法》，並向店家有權責處理的人申訴,在店家的官方網站留下負評不說明理由,透過「全國食安專線1919」檢舉。,2
健體,違反他人意願而對他人做出與性或性別有關的行為，讓對方感到厭惡、不自在或不當影響其正常生活，就是「性騷擾」。請問下列何者可能是加害者？,陌生人,家人,鄰居,以上皆是,4
健體,阿澤在新聞上看到遭遇性侵害的社會案例覺得很害怕，請幫助阿澤認識正確的處理方法，下列敘述何者錯誤？,趕快離開現場前往安全的地方,立刻尋找衣物更換避免被他人發現,牢記歹徒特徵包含身體特徵與口音,立刻撥打110報案。,2
健體,親戚到家裡拜訪時想抱住小芸，並威脅小芸不能告訴其他人，請問小芸該如何應變？,因為他是親戚，為了避免破壞關係即使不舒服也不能反抗,把這件事當成祕密藏在心裡,假裝沒有事情發生繼續看書,大聲說不，趕快跑開並呼叫家人。,4
健體,假日時璇璇和朋友一起去參觀展覽，請問外出時璇璇可以怎麼做來保護自己的人身安全？,為了減少路程走捷徑進入偏僻的小巷,在公共場所上廁所時單獨前往,外出時告訴家人外出的地點和返家時間並與家人保持聯繫,為了幫人帶路而坐上陌生人的車。,3
健體,小雄很嚮往從事護理師的工作，但是媽媽認為男生比較不細心且缺乏耐心不適合。你認同媽媽的想法嗎？為什麼？,認同，護理師工作比較適合溫柔、細心的女生擔任,認同，男生應善用自己勇敢、堅強的特質選擇維持正義的工作,不認同，不論男生或女生都能在各行各業發光發熱,不認同，男生比女生細心適合從事護理師工作。,3
健體,下列哪一項不是性別刻板印象可能造成的影響？,勇於嘗試新事物，展現創意,僵化對於性別的看法,造成對人的偏見、歧視,局限個人的未來發展。,1
健體,竹竹購買現點現做的巧克力牛奶，其中所添加的牛奶過期，她可以採取什麼行動來維護自己的權益呢？,攜帶商品和交易的發票或收據向店家要求退貨或退費,默默將巧克力牛奶丟棄不通知店家,在社群網站分享所遭遇的情況,在店家的官方網站留下負評不說明理由。,1
健體,下列哪一項不是性別刻板印象？,男兒有淚不輕彈,女生應該負責做家事,女生適合粉紅色,不論男生或女生都能在各行各業發光發熱。,4
健體,請問下列哪一項不是消費者的權利？,政府、廠商應保障消費者安全和利益,消費者有權利對商品或服務表達意見,消費者權利受損時有權利要求賠償,消費者有權利要求店家提供優惠價格。,4
健體,下課後補習班老師把平平單獨留下，卻做出令平平覺得不舒服的舉動，請問平平該如何應變？,立即遠離他並制止他,因為他是老師所以即使不舒服也不能反抗,假裝沒有事情發生繼續寫功課,把這件事當成祕密藏在心裡。,1
健體,豪豪因為運動會比賽輸了忍不住向爸爸哭訴。爸爸說：「男兒有淚不輕彈，男生要勇敢不能哭。」你認為爸爸的說法合理嗎？,合理，因為哭泣表示軟弱不符合男生堅強的特質,合理，因為男生要負責保護別人表現堅強的一面,不合理，因為哭泣是自然的情緒反應並不代表軟弱，男生有權利用哭泣表達情緒,不合理，因為女生比男生勇敢應該要求女生不能用哭泣表達情緒。,3
健體,上國中的姐姐自己報名游泳訓練班，上了一節課後想要退出但訓練班不願意協助解約。姐姐可以怎麼處理呢？,簽約後不能解約不要求店家退費,將店家的行為張貼在社區公布欄,向店家說明未成年簽訂的契約也具法律效力，要求全額退費,和爸媽向店家說明，未成年者簽訂的契約若未經法定代理人同意不具法律效力，要求依比例退費。,4
健體,老師請同學發表自己感興趣的職業，請問下列何者的想法受性別刻板印象影響局限個人未來的發展？,婷婷：我想當消防員幫助人們遠離危險,小恩：女生比較溫柔、細心適合當老師,小杰：我想當服裝設計師,漢漢：我想當建築師改造老屋。,2
健體,小寧一家人在家裡聚餐，媽媽對小寧說：「女生應該負責做家事，請你負責洗碗。」你認為媽媽的說法合理嗎？,不合理，因為家事是每位家庭成員的責任應由家人共同分擔,不合理，因為男生比較擅長做家事應該由男生負責,合理，因為「男主外女主內」做家事是女生的責任,合理，因為女生比較擅長做家事應該由女生負責。,1
健體,積極建立預防的概念才能防患於未然，如何預防性侵害發生呢？,在公共場所上廁所時單獨前往,趁家人不在家時邀請朋友到家裡玩,不論面對任何人都要堅定維護身體自主權,為了減少路程走捷徑進入偏僻的小巷。,3
健體,身為消費者應善盡消費者的義務，請問下列何者沒有做到消費者的義務？,均均力行綠色消費行動自備購物袋,晨晨關注食品安全資訊不買有問題的食品,即使商品標示不全小育還是選擇購買,小惟購買前查詢商品可能產生的碳足跡。,3
健體,爸媽運用繪本溫柔的和小薰討論遭受性侵的處理方式，請問下列內容哪一項錯誤？,先沐浴沖洗再到醫院做身體檢查,趕快離開現場前往安全的地方,找外套包住身體不更換衣服,不更動現場物品、擺設。,1
社會,練習中國傳統書法不但可以訓練心情平靜，也能認識中文字的美感。,○,×,,,1
社會,十九世紀的科學家法拉第透過自己的研究製作出發電機，開啟世界使用電力的新時代。,○,×,,,1
社會,日本漫畫在臺灣相當知名，有些會製作成動畫、改編為電視劇，劇中人物也做成許多周邊商品，成為部分民眾的收藏。,○,×,,,1
社會,不論是家庭生活或工業生產，都需要使用電力，因此電力已是現代人們生活中不可或缺的需求。,○,×,,,1
社會,清帝國、日治時期的蒸汽火車，是以燃煤為動力來源；隨著科技進步，後來火車的動力來源逐漸轉變為以柴油及電力。,○,×,,,1
社會,科技發展進步飛快，可能會出現有心人士利用最新科技擾亂社會秩序，因此政府制定專屬法律，希望能降低各種風險。,○,×,,,1
社會,我國政府在西元２０２４年提出人工智慧基本法草案的目的，是希望發展人工智慧時，能降低各種可能的風險。,○,×,,,1
社會,公司使用人工智慧可以提高工作效率，但員工可能會被取代，所以我們應該關注人工智慧的使用。,○,×,,,1
社會,利用人工智慧製作的假新聞，可能會造成社會混亂，所以我們要培養判斷真假訊息的能力，以免受到這類假新聞的誤導。,○,×,,,1
社會,全球第一支針對傳染病開發的疫苗，是在兩百多年前，由英國醫師所研發。,○,×,,,1
社會,目前人類已能利用生物科技改造魚的基因，培育出能發出藍、綠、黃、紅等不同顏色的新品種螢光魚，進而提高觀賞魚的價值。,○,×,,,1
社會,使用中文寫成的詩詞、文章等，現在已成為我們學習的素材。,○,×,,,1
社會,燃煤發電的過程會排放懸浮微粒等空氣汙染物質，影響人們健康。,○,×,,,1
社會,「便當」一詞源自英語，意為飯盒，此用語已融入我們生活常用的語言及文字。,○,×,,,2
社會,十九世紀時，英國科學家法拉第製作出蒸氣機，開啟電力使用的新時代。,○,×,,,2
社會,十八世紀開始，紡織工廠引進以蒸汽機為動力的機器取代傳統人力，獲得比過去更多的產量。,○,×,,,1
社會,由於科技不發達，早期人類社會的動力來源只有人力與獸力。,○,×,,,2
社會,由於科技進步，人類現在已經可以降低對電力的依賴，世界各國對電力的需求也不斷降低。,○,×,,,2
社會,日治時期，臺灣的電力較為廣泛使用，是因為興建了發電廠。,○,×,,,1
社會,有些文化會隨著旅行、貿易等傳播到世界各地，對其他國家或區域產生影響。,○,×,,,1
社會,轉發網路訊息前，應該先查證訊息是否正確，以免讓假訊息四處散布。,○,×,,,1
社會,基因改造可以增加農作物抵抗病蟲害的能力，也能增加人體所需的營養，因此對生態環境與人體只有好處沒有壞處。,○,×,,,2
社會,臺灣受到日本殖民統治五十年，受到總督府要求學習日語的影響，有些詞語便流傳下來，並逐漸融入臺灣社會。,○,×,,,1
社會,由於生物科技的應用可能會有潛在的影響，因此政府必須對疫苗的研發與製作嚴格規範、管理，為民眾的健康把關。,○,×,,,1
社會,戰後的臺灣因為電力使用更加普及，因此經濟能力較好的家庭會購買黑白電視機。,○,×,,,1
社會,太陽能板如果架設在溼地，可能會破壞自然生態。,○,×,,,1
社會,現代人已能利用生物科技改良農作物的特性，生產出品質更好的蔬果。例如：「臺南１５號」香瓜就是臺灣育成的優良品種。,○,×,,,1
社會,政府除了推動適合的能源政策外，民眾也要從生活中認識各種能源及各種節約行為。,○,×,,,1
社會,國立臺灣博物館是日治時期興建的，門口有埃及金字塔造型的裝飾。,○,×,,,2
社會,日治時期，歌手開始將自身語言融入流行歌曲的間奏或歌詞中，也出現許多本土語言的流行歌曲。,○,×,,,2
社會,近年來由於通訊傳播的進步，臺灣部分民眾會收看美國職業籃球聯賽（ＮＢＡ）等運動賽事。,○,×,,,1
社會,清帝國時期臺灣在劉銘傳的治理下，興建多座發電廠，電力於是開始被人們廣泛使用。,○,×,,,2
社會,戰後的臺灣，配合中華文化推廣政策，中國傳統書法、繪畫與音樂等，成為部分人們的休閒活動。,○,×,,,1
社會,由於電力可以提供家庭、企業或運輸工具使用，因此生產電力對人們來說很重要。,○,×,,,1
社會,臺灣擁有自己的文化，也吸收了不同的文化，進而創造出獨特的文化風格，現在更推廣到世界各國。,○,×,,,1
社會,如果想要增強農作物對害蟲的抵抗力，可以透過生物科技，改造農作物的基因。,○,×,,,1
社會,人類利用生物科技改造作物基因後，將作物直接作為食物，或是加工製成食品，就是我們常聽到的基因改造食品。,○,×,,,1
社會,能源是指能用來產生動力、電力的資源，例如：煤、石油、天然氣、風等。,○,×,,,1
社會,臺灣的蒸汽火車雖然是在清帝國開港通商後引進，但卻是在日治時期西部縱貫鐵路開通後，才成為部分民眾在島內往來、旅遊的主要運輸工具。,○,×,,,1
社會,在資訊科技出現之前，購物必須到實體商店直接選購；資訊科技出現之後，人們可以透過網路，在線上購物。,○,×,,,1
社會,日治時期，日本人曾利用蒸汽輪船大和丸號，將臺灣的香蕉運往日本。,○,×,,,1
社會,在鄭氏政權統治臺灣時，引進了蒸汽火車，對當時人們的生活造成很大的影響。,○,×,,,2
社會,由於資訊科技的進步，人們即使在山上或離島，只要能連上網路，就可以藉由手機或電腦，參與線上會議，將工作完成。,○,×,,,1
社會,歐洲聯盟已於西元２０２４年通過人工智慧法案，依據不同的風險等級，規範各種人工智慧的技術和系統。,○,×,,,1
社會,基因改造黃豆的產量穩定、品質較佳，為了鼓勵企業大量使用，政府不宜制定法律，以免阻礙基因改造黃豆相關產品的生產，進而影響經濟發展。,○,×,,,2
社會,戰後的臺灣，政府透過政策大力推廣日本、韓國流行文化，學習他國文化的優點。,○,×,,,2
社會,燃燒煤、石油以及天然氣等能源進行發電，是屬於火力發電。,○,×,,,1
社會,為了推廣再生能源發電，政府鼓勵民眾在建物頂樓裝設太陽能板，希望民眾支持再生能源。,○,×,,,1
社會,大航海時代，西方傳教士馬偕、馬雅各為了傳播基督教，利用羅馬字母拼寫閩南語，讓臺灣人學習聖經。,○,×,,,2
社會,清帝國時期傳入的傳統音樂與戲劇，逐漸發展成布袋戲、歌仔戲等臺灣戲曲，是廟會酬神的主要表演節目。,○,×,,,1
社會,西元２０００年後，在亞洲各國引發觀賞越南劇的熱潮，當時許多人到越南旅遊時，也會到拍攝景點拍照留念。,○,×,,,2
社會,本土語言是指一個地區或族群所獨有的語言，臺灣的本土語言包括閩南語、客語、原住民族語言等。,○,×,,,1
社會,日治時期，總督府興建港口，並建立臺灣與日本、中國、東北亞與東南亞之間的海上運輸航線，讓臺灣與世界的互動更頻繁。,○,×,,,1
社會,劉銘傳創辦新式學堂教授英語，是為了培養學習新知識與翻譯的人才。,○,×,,,1
社會,現在臺灣人不論工作或上學，每週都有固定的休假日，這項制度最早是自中華民國在臺灣時期開始實行。,○,×,,,2
社會,臺灣最早設置電燈照明設備，是在日治時期，當時臺中市的道路兩旁就可以看到路燈。,○,×,,,2
社會,刻寫在龜甲或獸骨上的甲骨文，演變成現在使用的中文。,○,×,,,1
社會,明華園戲劇團到國外演出，讓世界各國看見不一樣的表演，展現出與傳統布袋戲不同的風貌。,○,×,,,2
社會,目前愈來愈多攝影比賽在競賽規則上明確禁止使用ＡＩ，或另外開設使用ＡＩ創作的比賽組別，這是為了維持競賽的公平。,○,×,,,1
社會,日治時期因為興建鐵路、運用蒸汽火車，促使臺灣與世界各地的互動交流更加頻繁。,○,×,,,2
社會,恩瑜期待暑假前往美國 迪士尼樂園旅遊，這是因為臺灣的休閒文化受到美國的影響。,○,×,,,1
社會,在新住民、國際移工聚集的街道，有許多販賣東南亞飲食、物品的商店，也有機會看到越南文字的招牌。,○,×,,,1
社會,日治時期，人們欣賞的流行音樂中，有強烈節奏感和活力的搖滾音樂最受人喜愛。,○,×,,,2
社會,戰後的臺灣開始有固定的休假日，人們會進行各種休閒活動，所以當時臺灣出現了第一家唱片公司。,○,×,,,2
社會,能源科技是政府與企業的事，一般民眾無法貢獻任何力量。,○,×,,,2
社會,學會使用人工智慧的技能後，我可以將同學的臉轉移到不雅的照片上，並請其他人幫我發到不同的群組，展現我的學習成果。,○,×,,,2
社會,蒸汽機的發明會對貿易產生影響，例如：日治時期就利用蒸汽輪船航行臺灣與日本之間，載運貨物往來。,○,×,,,1
社會,戰後臺灣開始出現電視機，當時每個家庭都能添購電視機，成為人們生活的一部分。,○,×,,,2
社會,收到同學傳來的「美國總統遭恐怖分子攻擊」的影片，我們要立刻轉傳，讓別人知道這起駭人事件，轉發後再來看影片就好。,○,×,,,2
社會,我國政府至今仍未有任何規範資訊科技的法案，來處理人工智慧可能造成的亂象。,○,×,,,2
社會,人工智慧已經進步到能夠自動駕駛車輛，因此臺灣多數地區的公共汽車，都已不需要司機，改採自動駕駛了。,○,×,,,2
社會,生物科技是專指應用在高科技產業的科學技術，與我們的生活關係不大。,○,×,,,2
社會,解嚴後，姐妹一曲加入客語的和聲，使歌曲更豐富，也讓人們認識客家曲調。,○,×,,,2
社會,燃煤發電的過程中，會排放二氧化碳，造成全球氣溫升高，政府在興建燃煤發電廠時應多加考慮。,○,×,,,1
社會,使用再生能源發電能降低碳排放量、減緩空氣汙染，又不會產生後續問題，值得政府大力推廣。,○,×,,,2
社會,解嚴後，臺灣社會與文化逐漸開放，流行音樂創作除了使用本土語言，也融合了本土歌謠與西方搖滾音樂等曲調。,○,×,,,1
社會,歌仔戲是結合雕刻、彩繪、傳統音樂與掌中操偶的藝術表演。,○,×,,,2
社會,收到標題聳動的文章，應查證訊息的真實性，即使文章標註的作者真有其人，仍應多方確認、判斷真偽。,○,×,,,1
社會,由於基因改造食品對人體有害，因此政府已經全面禁止販售，並勒令下架，以免危害民眾健康。,○,×,,,2
社會,１９９０年代後，除了美國休閒娛樂持續影響臺灣外，後續僅出現了日本的戲劇、動畫、音樂等流行文化。,○,×,,,2
社會,日治時期，總督府以蒸汽輪船往來各個港口、運送物資，並建立對其他國家的海上運輸航線。,○,×,,,1
社會,大航海時代以後，有不同語言和文字傳入臺灣，這段期間也曾有人使用羅馬字母拼寫閩南語和部分原住民族的語言。,○,×,,,1
社會,身為一位消費者，我們可以參考環境部 食品藥物管理署的網站，了解食安資訊，為自己的健康把關。,○,×,,,2
社會,日治時期，總督府在臺灣興建了西部縱貫鐵路、糖業鐵路、林業鐵路等，藉由蒸汽火車，不僅能運送更多貨物、方便民眾往來，也促進觀光旅遊，對當時人們的生活產生不小的影響。,○,×,,,1
社會,如果廠商使用基因改造的原料，卻沒有在包裝上清楚標示，政府會依據食品安全衛生管理法加以處罰。,○,×,,,1
社會,堂哥用人工智慧來畫畫，既省時又省力，還得到比賽優勝，一舉數得，值得我們效法。,○,×,,,2
社會,燃燒煤或天然氣都屬於火力發電，火力發電是全球廣泛使用的發電方式。,○,×,,,1
社會,自日治時期開始，日語就是學校的課程，因此臺灣許多場所或物品上都有中 日對照的標示。,○,×,,,2
社會,為了方便向臺灣人傳教，巴克禮創辦的臺灣府城教會報以羅馬字母拼寫日語。,○,×,,,2
社會,英國的瓦特在西元十八世紀時發明了蒸汽機，將燃煤產生的動力，應用在運輸工具等方面，對人們的生活方式造成巨大的影響。,○,×,,,2
社會,戰後的臺灣，因為從總督府接收來的發電廠老舊不堪，導致電力供應不足，造成許多民眾家中的黑白電視機無法收看節目。,○,×,,,2
社會,由於基因改造後的黃豆，可以解決生長過程中的蟲害問題、提高黃豆的產量與品質，這種只有好處且無害處的生物科技應用，我們一定要大力推廣。,○,×,,,2
社會,博物館裡展示一幅十九世紀初期的英國火車畫作，我們可以推論那應該是蒸汽火車。,○,×,,,1
社會,使用人工智慧的聊天機器人蒐集資料十分方便，而且內容正確無誤，只要記得加上提供資料來源的指令，就能寫出一份完美的報告。,○,×,,,2
社會,著名作曲家鄧雨賢，曾創作出姐妹、四季紅等許多流行歌曲。,○,×,,,2
社會,如果空氣品質惡化，政府會要求發電廠減少燃煤，或改為燃燒天然氣發電，以減少空氣汙染。,○,×,,,1
社會,日治時期結束，中華民國政府接管臺灣後，立即建置太陽能板與風力發電機組，提供民眾足夠的電力，家庭也因此出現許多家電用品。,○,×,,,2
社會,近年來，人工智慧的發展愈來愈成熟，應用也愈來愈廣泛，包括自動駕駛、聊天機器人、自動鉛筆等，與我們的生活息息相關。,○,×,,,2
社會,預防傳染病的疫苗研發，屬於生物科技的應用，但藥物的研發則是醫學研究的成果，與生物科技無關。,○,×,,,2
社會,清帝國開港通商後，臺灣引進了蒸汽輪船，但是對民眾的生活影響較小，不像蒸汽火車能大量運送貨物，並方便民眾南北往來。,○,×,,,2
社會,將蒸汽機用在紡織廠取代人力，可以得到什麼好處？　,能促進國民健康　,能增加產量　,能自動設計服裝款式　,能快速運送貨物。,2
社會,下列哪一種運動賽事又稱ＮＢＡ，隨著美國的援助，以及全球通訊傳播的進步而影響臺灣社會？　,美國職業籃球聯賽　,高中籃球聯賽　,臺灣大專棒球運動聯賽　,世界棒球經典賽。,1
社會,下列何者是人類早期社會的動力來源？　,蒸汽動力　,風力　,核能　,燃燒天然氣。,2
社會,日治時期臺灣民眾如果要在島內旅遊的話，大多會採用哪一種方式？　,徒步　,搭遊艇　,搭蒸汽輪船　,搭蒸汽火車。,4
社會,政府鼓勵民眾在建物裝設什麼裝置，以實際行動支持再生能源？　,蒸汽機　,太陽能板　,燃煤發電機組　,地熱發電系統。,2
社會,閱讀下表可以得知，我們目前使用的中文字是由中國古代的某種字形演變而來，請問該字形為最有可能為下列何者？ 　 ,甲骨文　,楷書　,英文　,日文 ,1
社會,下列何者不是人工智慧的應用範圍？　,掃地機器人　,聊天機器人　,自動駕駛車　,自動鉛筆。,4
社會,當我們使用聊天機器人協助蒐集資料時，該如何處理資料來源的問題？　,使用聊天機器人蒐集資料時，不需要資料來源　,聊天機器人無法附上資料來源　,在指令中要求附上資料來源　,老師或同學詢問時再附上即可。,3
社會,下列何者不屬於火力發電使用的能源？　,石油　,天然氣　,煤　,太陽。,4
社會,臺灣受日本殖民統治五十年，總督府要求學習日語，因此對臺灣的社會有什麼影響？　,日語融入臺灣社會中，成為常見的語言或文字　,許多物品上有中 英對照的標示　,使國際移工增加　,吸引外國人來臺灣學習日文。,1
社會,瓦特改良的蒸汽機會燃燒哪一種能源來產生動力？　,煤　,核能　,風　,太陽。,1
社會,下列哪一項用品能縮短做家事的時間，減輕做家事的負擔？　,電視機　,洗衣機　,電冰箱　,電動車。,2
社會,立群放假時喜歡在家觀賞美國 迪士尼的動畫，請問這是因為臺灣的哪一種文化受到世界的影響？　,語言及文字　,傳統戲曲　,休閒娛樂　,建築形式。,3
社會,珠慧想製作臺灣四百年重大事件年表，請問下列哪一種方式能迅速蒐集大量資料？　,找同學討論　,使用聊天機器人　,到圖書館查資料　,請教長輩。,2
社會,日治時期，總督府在許多地區建立海上運輸航線，下列哪一個地方不包括在內？　,美洲南部　,日本　,東南亞　,東北亞。,1
社會,政府依據哪一個法規來管理基因改造食品？　,健康食品管理法　,食品安全衛生管理法　,憲法　,一般食品衛生標準。,2
社會,解嚴後，臺灣的流行文化逐漸改變，其中日本的哪一項文化在臺灣相當知名，除了製作成動畫，也會改編成電視劇？　,音樂劇　,長篇小說　,漫畫　,默劇。,3
社會,近年來，臺灣出現許多販賣東南亞商品或東南亞美食的店家，這個現象這反映了下列哪一種情況？　,東南亞地區經濟衰落　,臺灣新住民與國際移工增加　,東南亞黑心商品走私來臺　,英語成為全國共通語言。,2
社會,我國的人工智慧基本法草案是在哪一年提出？　,２０００年　,２０２０年　,２０２２年　,２０２４年。,4
社會,假新聞的傳播容易造成什麼結果？　,社會混亂　,網路發達　,經濟成長　,交通便捷。,1
社會,從新聞報導中，可以發現網路上有許多ＡＩ造假影片，為了避免這些影片影響我們的判斷，我們應該要培養哪一種觀念？　,賺取金錢　,節能減碳　,查證訊息　,檢討他人。,3
社會,臺灣引進使用蒸汽動力的交通運輸之後，使得臺灣更方便與世界各地交流，請問這項運輸工具最可能是下列哪一項？　,蒸氣發電機　,蒸汽火車　,蒸氣汽車　,蒸汽輪船。,4
社會,下列關於資訊科技對學習的影響，何者正確？　,資訊科技的影響主要在科技業，並未影響人們的學習　,由於資訊科技發展太過迅速，人們的學習必須回歸傳統的背誦記憶　,過去人們必須以實體方式進行學習，現在可以在線上完成學習　,過去人們以線上方式進行學習，資訊科技促使人們以實體方式從事學習。,3
社會,能源是指能被人類利用來產生動力的資源，下列何者不屬於能源？　,工廠　,風　,天然氣　,石油。,1
社會,清帝國開港通商後，哪個人曾在臺北小範圍設置電燈照明設備？　,沈葆楨　,劉銘傳　,鄭成功　,陳永華。,2
社會,臺灣從哪一個時期開始，逐漸將英語納入學校的課程中？　,清帝國時期　,大航海時代　,日治時期　,中華民國在臺灣時期。,3
社會,研發疫苗預防傳染病的擴散，是哪一種科技的應用？　,金融科技　,資訊科技　,能源科技　,生物科技。,4
社會,現代人能夠輕易的轉載、發布各種訊息，與下列哪一項因素較有關係？　,生物科技進步　,石油價格上漲　,社群軟體愈來愈多　,送信郵差人數增加。,3
社會,哪一項物品的出現，開啟電力使用的新時代，讓電力逐漸運用在照明和生產活動上？　,蒸汽機　,發電機　,電視機　,電燈。,2
社會,在新住民、國際移工聚集的街道，較不可能看見哪一種場景？　,有販賣東南亞飲食的商店　,以羅馬字母拼寫的閩南語菜單　,可以買到新住民相關的物品　,有越南文字的招牌。,2
社會,全球第一支針對傳染病開發的疫苗，是由下列哪一位醫師所研發？　,愛德華‧詹納　,蔡阿信　,杜聰明　,岡部信彥。,1
社會,我們在市面上會看到基因改造食品，但也有些人堅決反對基因改造食品，這些人反對基因改造食品的原因為何？　,因為種植時，害蟲的數量會快速增加　,因為種植時會威脅其他的作物，影響生態　,因為種植時必須投入更多的人力　,因為種植出來的數量太少，無法滿足國內需求。,2
社會,清帝國開港通商後，西方傳教士馬偕、巴克禮等人，為了傳播哪一種宗教信仰，利用羅馬字母拼寫閩南語？　,基督教　,道教　,伊斯蘭教　,佛教。,1
社會,為了改善空氣汙染問題，政府在民國１０７年修正了哪一個法規，要求在空氣品質惡化時，以燃燒天然氣取代燃煤發電？　,室內空氣品質管理法　,移動汙染源空氣汙染物排放標準　,空氣汙染防制法　,空氣品質標準。,3
社會,蒸汽機的應用範圍不包括下列哪一項？　,紡織廠　,火車　,輪船　,黑白電視機。,4
社會,國立臺灣博物館是在哪一個時期興建的？　,日治時期　,清帝國時期　,大航海時代　,中華民國在臺灣時期。,1
社會,臺灣最早是在哪一個時期引進蒸汽火車？　,史前時代　,大航海時代　,清帝國開港通商後　,日治時期。,3
社會,家中哪一種電器最可能具有人工智慧？　,電鍋　,氣炸鍋　,半自動洗衣機　,掃地機器人。,4
社會,傳統漢人的生活作息多配合自然界變化，因此休閒活動大多與什麼結合？　,農耕與狩獵　,節慶或廟會　,新生兒出生　,祖靈祭典。,2
社會,大航海時代，哪一種語言及文字傳入臺灣，至今仍在使用，該語言寫成的詩詞、文章等，是我們學習的素材？　,英語　,中文　,日語　,越南文。,2
社會,下列哪個人改良蒸汽機，讓蒸汽機能應用在火車上？　,巴克禮　,法拉第　,瓦特　,劉銘傳。,3
社會,下列何者不是判斷假訊息的正確方法？　,收到訊息立即轉傳　,要先了解訊息的出處　,先搜尋作者是否真有其人　,避免只看標題。,1
社會,發電機是由哪個人製作出來的？　,劉銘傳　,愛迪生　,法拉第　,瓦特。,3
社會,由於發電的過程會帶來什麼不良的影響，所以我們必須思考發電來源的問題？　,貧富不均　,糧食不足　,環境破壞　,引發戰爭。,3
社會,面對網路上充斥各種假訊息，現代人應該具備哪一種能力？　,判斷訊息真偽的能力　,投資理財的能力　,刻苦耐勞的能力　,大量閱讀的能力。,1
社會,日治時期，哪一位作曲家受唱片公司邀請，創作出四季紅、月夜愁等流行歌曲？　,陳澄波　,蔡阿信　,鄧雨賢　,杜聰明。,3
社會,在溼地或魚塭裝設太陽能板發電，可能會造成什麼問題？　,排放懸浮微粒　,影響當地氣候　,加速魚群生長　,破壞自然生態。,4
社會,下列哪一個生活中常見的詞語源自於日語，意思為「飯盒」？　,餐盤　,禮物　,午餐　,便當。,4
社會,日治時期開通臺灣哪裡的鐵路？　,北迴鐵路　,花 東鐵路　,南迴鐵路　,西部縱貫鐵路。,4
社會,戰後的臺灣，配合中華文化推廣政策，可以看見哪一種休閒活動？　,英語翻譯比賽　,欣賞南韓（韓國）流行歌曲　,傳統書法展　,美國職業籃球聯賽。,3
社會,有些人會用人工智慧對照片或影片進行什麼處理，導致他人名譽等受到傷害，甚至造成社會的危害？　,變聲　,美化　,化妝　,換臉。,4
社會,為什麼我們不能利用人工智慧來畫圖參加比賽？　,違反比賽的公平性　,使用人工智慧繪圖的人太多　,評審不容易分出名次　,人工智慧繪圖技巧仍不成熟。,1
社會,根據民國１０７年修正的空氣汙染防制法，當空氣品質惡化時，火力發電要改為燃燒哪一種能源來發電，以減少空氣汙染？　,石油　,煤　,天然氣　,核能。,3
社會,人們依據各自的生活方式，發展出不同的文化，這些文化不會以什麼形式傳播到世界各地，影響其他國家？　,旅行　,植栽　,貿易活動　,通訊技術。,2
社會,戰後的臺灣，政府進行什麼建設以生產更多電力供人民使用？　,大型發電廠　,國際機場　,大型煉油廠　,科學園區。,1
社會,琳達參觀國立臺灣博物館時，發現有類似希臘神廟的巨大柱子，請問兩者之間為什麼會這麼相似？　,日式建築受到外國語言的影響　,南韓（韓國）戲劇在臺灣受到歡迎　,因貿易活動增加，讓臺灣的文化特色傳到外國　,臺灣部分建築受到西方文化影響。,4
社會,下列何者不是 臺灣的本土語言？　,閩南語　,英語　,客語　,原住民族語。,2
社會,下列哪一個團體，不僅將臺灣的傳統歌仔戲融合現代劇場創新元素，更常受邀到國外演出？　,台青蕉樂團　,明華園戲劇團　,榮興客家採茶劇團　,小西園布袋戲團。,2
社會,日治時期，總督府利用哪一種運輸工具到東南亞運送物資？　,蒸汽輪船　,蒸汽火車　,飛機　,大貨車。,1
社會,日治時期，航行在臺灣與日本之間的會是下列哪一種船隻？　,人力小船　,蒸汽輪船　,觀光遊艇　,航空母艦。,2
社會,歐洲聯盟通過哪一個法案來規範人工智慧的技術和系統？　,人工智慧法案　,人工智慧基本法　,食品衛生管理法　,食品安全衛生管理法。,1
社會,劉銘傳創辦新式學堂教授英語，目的為何？　,加強對人民的控管　,改變原住民族的語言　,培養學習新知識與翻譯的人才　,吸引外國人前來臺灣學習。,3
社會,下列哪一種不屬於 日治時期從臺灣運往日本的物產？　,稻米　,蔗糖　,小麥　,香蕉。,3
社會,戰後，美國的流行歌曲傳入臺灣，其中搖滾音樂具有何種風格？　,平穩沉靜　,輕柔緩慢　,節奏感強烈　,融入大自然聲音。,3
社會,雅米公司推出一款使用基因改造黃豆製成的「古早味豆腐」，請問這款豆腐的包裝應符合下列哪一項要求？　,必須標示豆腐製作的方式　,不需要標示保存期限　,必須標示是否使用基因改造黃豆　,不需要標示製造廠商的名稱。,3
社會,下列哪一個時期，臺灣都市的街道上常會見到路燈？　,大航海時代　,鄭氏政權統治時　,清帝國開港通商後　,日治時期。,4
社會,下列何者不是人類早期社會的動力來源？　,人力　,風力　,蒸汽動力　,獸力。,3
社會,漢生想利用人工智慧協助他製作社會報告，卻和姐姐之間出現下圖的對話，根據姐姐的說法，漢生在製作報告時需要留意什麼事情？ 　 ,必須標明資料來源，並用自己的話整理　,聊天機器人是人類智慧結晶，不會出錯　,將聊天機器人的回答一字不漏貼上報告　,只要有圖片輔助就不需要附上資料來源。,1
社會,燃煤發電的過程排放的懸浮微粒會造成什麼不良影響，導致人們進行抗議？　,影響人們健康　,影響晶片生產　,加速人口老化　,影響電力的供應。,1
社會,解嚴後，臺灣出現許多融合本土語言的流行歌曲，如姐妹一曲，就加入了哪一個原住民族的和聲？　,卑南族　,阿美族　,泰雅族　,鄒族。,1
社會,媽媽上班的公司想要採用人工智慧來處理資料，請問這項措施可能會造成什麼影響？　,需要增聘許多新員工　,人們的工作可能被人工智慧取代　,需要處理的資料數量會暴增　,處理資料的速度會變慢。,2
社會,針對人工智慧發展時可能遭遇的風險，政府目前提出哪一項法案的草案來保障人們的隱私、個資及勞工權益？　,人工智慧法案　,人工智慧基本法　,食品衛生管理法　,食品安全衛生管理法。,2
社會,日治時期的臺灣，為什麼工廠能夠大量生產商品？　,警察制度建立，監控人民　,發電廠興建，電力廣泛運用　,工業教育人才培育成功　,水利建設大量完成。,2
社會,清帝國開港通商後蒸汽輪船的引進，為臺灣帶來什麼改變？　,日本占領臺灣　,引起不同族群的械鬥　,開始大量生產家電用品　,外來觀念影響民眾生活。,4
社會,欣桐在書上看見「」這個文字，於是查詢它的相關資料，下列敘述何者錯誤？　,這種文字演變成我們現在使用的中文　,此文字就是現在的「水」字　,這是刻寫在龜甲或獸骨上的鳥獸文　,甲骨文是目前找到最早的中國文字。,3
社會,關於基因改造食品的敘述，下列敘述何者錯誤？　,基因改造後的作物，可作為食物　,基因改造作物抵抗蟲害的能力增加，也能降低生產成本　,基因改造作物可作為原料製作加工品　,人們沒有辦法從外包裝判斷商品是否為基因改造食品。,4
社會,下列關於人工智慧的說明，何者正確？　,人工智慧是使用電腦模擬人類智慧做出決策　,人工智慧是以人腦模擬電腦程式執行任務　,人工智慧發展還在初期階段，尚無法應用在生活中　,人工智慧是指公司員工使用電腦討論營運策略。,1
社會,某國政府在境內蓋了多座發電廠，如下圖，下列何者為該設施最可能造成的環境問題？ 　 ,噪音汙染，影響附近居民聽力　,水汙染，使河川水質變髒　,空氣汙染，危害民眾身體健康　,土壤汙染，土地無法栽種作物。,3
社會,燃煤發電的過程排放的二氧化碳會造成什麼不良影響，導致人們對火力發電感到擔憂？　,人口快速增加　,糧食過剩　,全球氣溫升高　,森林數量減少。,3
社會,下圖是臺灣部分民眾的休閒活動，請問這最可能發生在哪一個時期？ 　 ,大航海時代　,清帝國時期　,史前時代　,戰後時期 ,4
社會,傳統布袋戲至今仍有不少人喜歡觀看，是結合了許多特色的藝術表演，但不包含下列何者？　,雕刻　,彩繪　,掌中操偶　,真人演出。,4
社會,臺灣的休閒文化發展與政府政策和國際交流有關，下列哪一項敘述正確？　,戰後因為國外援助臺灣，使傳統中華文化在臺灣消失　,清帝國時期的臺灣人就有固定休假日，讓民眾從事休閒活動　,透過電視或網路直播，可以讓民眾同步欣賞國外的運動賽事　,戰後初期，政府就非常重視臺灣本土語言，因此透過政策進行推廣。,3
社會,電視機從哪一個時期，開始普遍出現在民眾家裡？　,大航海時代　,清帝國開港通商後　,日治時期　,戰後的臺灣。,4
社會,下列哪一首流行歌曲，不是 日治時期的鄧雨賢所創作的？　,姐妹　,四季紅　,望春風　,雨夜花。,1
社會,語晨的爺爺說他小時候，曾經跟著家人搭乘下圖的運輸工具前往外地探親，這項運輸工具最早於哪個時期引進臺灣？ 　 ,清帝國開港通商前　,清帝國開港通商後　,日治時期　,中華民國在臺灣時期。,2
社會,１９９０年代後，日本流行文化深刻影響臺灣，下列敘述何者錯誤？　,日本漫畫在臺灣相當知名　,有些漫畫被改編成電視劇　,漫畫中的場景在當時的臺灣隨處可見　,部分民眾可能收藏漫畫人物的周邊商品。,3
社會,１９９０年代後，臺灣民眾的休閒娛樂主要不是受到哪一個國家的影響？　,美國　,日本　,南韓（韓國）　,澳大利亞。,4
社會,下列何者不屬於基因改造食品？　,經過基因改造的番茄　,加入基因改造玉米的濃湯　,使用基因改造黃豆製成的豆漿　,餵養經過基因改造動物的飼料。,4
社會,下列何者不是科學家發展基因改造技術，將不同物種的基因轉移到作物或生物中的目的？　,提高生產成本　,增加產量　,改良營養成分　,抗病抗蟲力增加。,1
社會,政府提出的人工智慧基本法草案中，包含下列哪些重點？　甲、重視隱私　乙、大幅限制ＡＩ發展　丙、保護個資　丁、重視勞工權益。　,甲乙丙　,甲乙丁　,甲丙丁　,甲乙丙丁。,3
社會,面對生物科技快速的進步，政府應該如何管理？　,制定法律規範基因改造食品　,禁止民眾食用基因改造食品　,允許廠商不必標示是否使用基因改造原料　,疫苗的製作與採購不必經過政府的監督，皆可施打。,1
社會,清帝國時期傳入的傳統音樂與戲劇，沒有發展成哪一種臺灣戲曲？　,布袋戲　,歌仔戲　,採茶戲　,音樂劇。,4
社會,現在走在臺灣各地的街頭，偶爾能看見如同下圖一樣，不是使用中文字書寫的招牌，下列哪一項最能說明臺灣語言使用的特性？ 　 ,僅保留單一國家的語言　,融合外來的語言及文字　,這些詞彙都是自創用語　,使用外來語需政府批准。,2
社會,日治時期，臺灣曾爆發哪一種傳染病，總督府因此全面推廣疫苗接種？　,狂犬病　,天花　,登革熱　,嚴重特殊傳染性肺炎。,2
社會,生物科技在我們生活中的應用愈來愈廣泛，但不包括下列何者？　,培育不同顏色的新種魚　,生產基因改良的黃豆　,培育「臺南１５號」香瓜　,研發掃地機器人。,4
社會,下列哪一個人物創辦了臺灣府城教會報，以羅馬字母拼寫閩南語？　,馬偕　,劉銘傳　,沈葆楨　,巴克禮。,4
社會,根據下圖不同人物的說法，請判斷哪兩位對於「基因改造黃豆」持贊成的立場？ 甲、  乙、  丙、  丁、 　 ,甲、乙　,丙、丁　,甲、丙　,乙、丁。,3
社會,下列哪一項是目前全球最廣泛使用的發電方式？　,風力發電　,火力發電　,核能發電　,太陽能發電。,2
社會,解嚴後，臺灣的流行音樂有什麼變化？　,融合了西方搖滾音樂曲調　,不再使用本土語言創作　,大多被日本音樂取代　,原住民族語是音樂中必要的元素。,1
社會,關於日治時期臺灣休閒文化的敘述，下列何者錯誤？　,雨夜花是當時的流行歌曲　,沒有固定的休假日可以從事休閒活動　,當時臺灣出現第一家唱片公司　,音樂欣賞是當時人們的休閒活動之一。,2
社會,桂樺從西元２０００年起，就是一位熱情的「韓流」粉絲，下列哪一項最有可能是她支持韓流的行動？　,到韓劇拍攝景點拍照留念　,購買日本漫畫的周邊商品　,欣賞明華園戲劇團的演出　,對姐妹一曲的歌詞倒背如流。,1
社會,隨著科技進步，現代火車動力來源朝向哪一個方面發展？　,柴油及核能　,柴油及電力　,電力及蒸汽動力　,核能及蒸汽動力。,2
社會,如果我們想要得到正確的食安資訊，應該連結到哪一個政府網站查詢相關資料？　,國家發展委員會　,食品藥物管理署　,中華民國總統府　,中央健康保險署。,2
社會,關於明華園戲劇團，下列敘述何者錯誤？　,展現與傳統歌仔戲不同的風貌　,將傳統與現代的藝術融合、創新　,經常受邀到國外演出　,特別加入卑南族語的和聲作為演出內容。,4
社會,下圖為日治時期臺灣某個都市的街道景象，請根據圖片提供的訊息，推測當時的社會狀況為何？ 　 ,當時臺灣南部與北部，只能依靠牛車往來，十分不便　,房屋多為茅草屋，顯示都市發展仍相當落後　,路旁設置煤油燈，為當時的夜間道路提供照明　,街道兩旁有電燈，表示電力的使用已相當普及。,4
社會,下列何者不是種植基因改造作物的優點？　,可以提升作物的產量和品質　,可以降低種植的成本　,可以保護自然生態　,有些基因改造食品的價格較便宜。,3
社會,電力使用的普及，為臺灣人民帶來什麼影響？　,收入大幅減少　,提升居家生活品質　,移民外國的人數增加　,國際地位提升。,2
社會,下列關於「臺灣府城教會報」的敘述何者錯誤？　,由馬偕創辦　,以羅馬字母拼寫閩南語　,目的是為了方便向臺灣人傳教　,清帝國開港通商後出現。,1
社會,下列哪一項是生物科技的應用？　,開發自動駕駛的巴士　,在養殖魚塭裝設太陽能板　,培育「臺南１５號」香瓜　,訓練導盲犬協助視障人士。,3
社會,志明說：「我喜歡種植基因改造作物，因為可以省下許多農藥的成本。」請問志明的說法有什麼依據？　,基因改造作物抵抗病蟲害的能力較強　,基因改造作物較能夠耐旱　,基因改造作物的生長速度快過害蟲傷害的速度　,基因改造作物不會有天敵。,1
社會,日治時期，臺灣民眾進行島內旅遊時，如果想要搭乘蒸汽火車收藏「臺灣風景名勝紀念郵戳」，哪一個地方最有可能取得？　,臺中市 新盛橋通　,阿里山　,總督府　,蘭嶼。,2
社會,再生能源發電已成為世界趨勢，請問再生能源發電具有什麼優點？　,可以二十四小時進行發電　,任何地方均能設置再生能源電廠　,提升人體免疫力　,降低碳排放量。,4
社會,觀察圖片中的國立臺灣博物館的外觀，下列哪一項最能說明這種建築形式的文化意涵？ 　 ,展現原住民族的建築特色　,反映建築受西方文化影響　,以中國宮殿風格進行設計　,融入現代科技創新的應用。,2
社會,下列哪一件事較適合使用聊天機器人來完成？　,安排自助旅行行程　,撰寫科展比賽的論文　,繪圖參加比賽　,完成老師指定的作文。,1
社會,敏華家附近的廟宇最近在舉辦廟會，他們一家人趁著假日一起去欣賞傳統布袋戲表演。下列哪一項藝術形式較不可能透過傳統布袋戲欣賞到？　,彩繪　,肢體律動　,雕刻　,傳統音樂。,2
社會,人們開發各種能源進行發電的過程，也帶來環境問題，下列哪一項不是現今全球廣泛使用的發電方式所帶來的負面影響？　,排放二氧化碳　,消耗煤等資源　,全球溫度降低　,空氣懸浮微粒增加。,3
社會,下列何者較可能是人們對於基因改造作物的疑慮？　,生長太快，造成糧食過剩　,噴灑農藥，造成昆蟲絕跡　,增加風味，導致民眾搶購　,長期食用，可能影響健康。,4
自然,使用施力臂大於抗力臂的槓桿工具，可以幫助我們省力。,○,×,,,1
自然,齒輪是一種邊緣有許多大小不同齒狀凸出物的圓輪。,○,×,,,2
自然,榨汁器是支點在中間的槓桿工具，使用時不省力也不費力。,○,×,,,2
自然,使用動滑輪時，滑輪會和物體一起移動。,○,×,,,1
自然,槓桿在平衡的狀態下，如果施力臂與抗力固定，抗力臂越短時，作用於施力點的力越小。,○,×,,,1
自然,在以軸帶輪的工具上，施力臂是輪半徑，抗力臂是軸半徑，使用時會省力。,○,×,,,2
自然,使用積木拆解器拆積木時，可以觀察到拆解器上有施力點、支點和抗力點的構造。,○,×,,,1
自然,機械式鐘錶是利用齒輪組，帶動秒針、分針和時針轉動來轉動。,○,×,,,1
自然,槓桿實驗器使用前是否水平平衡並不重要，重要的是掛上砝碼後必須保持水平平衡。,○,×,,,2
自然,門把是應用輪軸的裝置，使用門把時，是施力在輪。,○,×,,,1
自然,腳踏車的鏈條除了可以連接前、後齒輪，也使前、後齒輪朝同一個方向轉動。,○,×,,,1
自然,從槓桿實驗的結果發現，當固定抗力和抗力臂時，施力臂越長，會越省力。,○,×,,,1
自然,使用開瓶器打開飲料瓶的瓶蓋時，因為開瓶器的施力臂大於抗力臂，可以達到省力的目的。,○,×,,,1
自然,從輪軸實驗中可以知道，施力在軸上比施力在輪上省力。,○,×,,,2
自然,螺絲起子是一種應用輪軸原理的工具，操作時施力在輪上，目的是為了省力。,○,×,,,1
自然,用槓桿實驗器進行實驗前，要先調整槓桿實驗器上的平衡鈕，使支點兩邊保持水平平衡。,○,×,,,1
自然,生活中運用各種簡單機械，都可以同時達到省力以及改變施力方向的效果，例如定滑輪。,○,×,,,2
自然,鬧鐘和門把都是生活中應用齒輪的物品。,○,×,,,2
自然,使用齒輪可以傳送動力，幫助我們完成工作。,○,×,,,1
自然,應用槓桿原理時，當抗力固定，施力臂和抗力臂的長短都會影響施力大小。,○,×,,,1
自然,利用鏈條連接的兩個齒輪，轉動的方向會相同。,○,×,,,1
自然,麵包夾屬於「施力點在中間」的槓桿工具。,○,×,,,1
自然,應用槓桿原理所設計的工具，都包含了支點、施力點、抗力點、施力臂和抗力臂。,○,×,,,1
自然,人們會透過不同的工具來傳送動力，達到省力、方便使用或改變移動方向等目的。,○,×,,,1
自然,使用輪軸時，當施力在輪上，輪和軸的半徑長短不會影響施力的大小。,○,×,,,2
自然,操作螺絲起子時，將握把去掉直接拿著軸轉動，會比較容易轉動螺絲釘。,○,×,,,2
自然,生活中有許多應用輪軸的物品，例如手搖式削鉛筆機、?麵棍、竹蜻蜓等。,○,×,,,1
自然,使用鑷子和麵包夾時，費力但方便使用。,○,×,,,1
自然,支點在中間的工具，例如長刃剪刀、尖嘴鉗、花剪等，一定是省力的工具。,○,×,,,2
自然,將定滑輪和動滑輪組合在一起，操作時可以兼具省力和方便使用的功能。,○,×,,,1
自然,窗簾的軌道上通常裝有定滑輪，可以既省力又方便的拉動窗簾。,○,×,,,2
自然,吊車和起重機是應用定滑輪和動滑輪組合的工具，兼具省力與改變施力方向的功能。,○,×,,,1
自然,當兩個齒輪以鏈條連接時，兩個齒輪的轉動方向會相反。,○,×,,,2
自然,施力臂與抗力臂的長短會影響施力大小，當施力臂大於抗力臂，施力會比抗力大。,○,×,,,2
自然,大齒輪有45齒，小齒輪有15齒，當大齒輪轉動1圈時，會帶動小齒輪轉動3圈。,○,×,,,1
自然,尖嘴鉗是應用槓桿原理的工具。,○,×,,,1
自然,有些晒衣架具有動滑輪和定滑輪，使用時可以達到使衣服更快晒乾的效果。,○,×,,,2
自然,用螺絲起子將螺絲釘鑽入木板中，握把的直徑越小，轉動螺絲釘時越省力。,○,×,,,2
自然,邊緣有許多相同齒狀凸出物的圓輪，稱為輪軸。,○,×,,,2
自然,定滑輪的主要功能是省力，因此在升降旗子時，使用定滑輪會更輕鬆。,○,×,,,2
自然,螺絲起子是一種輪軸的應用，握把的部分是軸，中間比較細的部分則是輪。,○,×,,,2
自然,兩人玩翹翹板時，體重較重的同學應坐在較靠近支點的位置，體重較輕的同學則坐在較遠離支點的位置。,○,×,,,1
自然,轉動兩個互相咬合的齒輪時，兩個齒輪轉動的方向會相同。,○,×,,,2
自然,竹蜻蜓一轉動就能飛起來，它是一種施力在輪上的物品。,○,×,,,2
自然,動滑輪和定滑輪無法同時組合在同一個工具中。,○,×,,,2
自然,麵包夾的施力點在中間，使用時會比較費力，但可以方便使用。,○,×,,,1
自然,槓桿裝置中，支點到施力點的距離稱為「施力臂」。,○,×,,,1
自然,把兩個齒輪分開，利用鏈條，也能把動力由一個齒輪傳送到另一個齒輪。,○,×,,,1
自然,輪軸、滑輪都是應用槓桿的裝置，可以省力或是可以使工作更加方便。,○,×,,,1
自然,抗力點在中間的工具，例如榨汁器，使用時是費力的。,○,×,,,2
自然,組合兩個或兩個以上的齒輪來傳送動力，稱為齒輪組。,○,×,,,1
自然,施力臂與抗力臂的長度關係，會影響施力的大小。,○,×,,,1
自然,使用定滑輪時，不會省力也不會費力，可以改變施力的方向。,○,×,,,1
自然,只要是利用槓桿原理的工具，都可以達到省力的效果。,○,×,,,2
自然,我們騎乘腳踏車時，踩動踏板的動力是靠滑輪傳送到車輪的。,○,×,,,2
自然,槓桿裝置中，從抗力點到施力點的距離，稱為抗力臂。,○,×,,,2
自然,使用槓桿工具時，施力臂比抗力臂長的設計可以省力。,○,×,,,1
自然,生活中所有應用槓桿原理製作的工具都是省力的。,○,×,,,2
自然,水龍頭的旋轉鈕掉了，使用起來更方便。,○,×,,,2
自然,在旗杆頂部所使用的滑輪是動滑輪，會隨著旗子上下移動。,○,×,,,2
自然,輪軸為圓形的簡單機械工具，上面只有支點，沒有施力點與抗力點，所以輪軸不是槓桿原理的應用。,○,×,,,2
自然,起重機是同時使用定滑輪與動滑輪的機械，可以用它吊起很重的物體，起重機是應用定滑輪可以省力、動滑輪可以改變施力方向的原理。,○,×,,,2
自然,不論是使用動滑輪或定滑輪，都可以改變施力方向和施力大小。,○,×,,,2
自然,有些晒衣架會使用定滑輪達到省力的效果，並與可以省力的動滑輪組合一起使用。,○,×,,,1
自然,竹蜻蜓是一種費力的工具，因為使用時，施力在軸上。,○,×,,,1
自然,生活中有許多應用槓桿原理的工具，這些工具使用起來一定省力。,○,×,,,2
自然,開瓶器是支點在中間的槓桿工具。,○,×,,,2
自然,?麵棍是應用輪軸的工具，使用時施力在軸上。,○,×,,,1
自然,用槓桿實驗器進行實驗時，當固定抗力和抗力臂，施力點越靠近支點，就越省力。,○,×,,,2
自然,剪刀是應用槓桿原理的工具。,○,×,,,1
自然,用麵包夾夾取麵包雖然費力，卻方便使用。,○,×,,,1
自然,旋轉式水龍頭開關是應用輪軸原理設計而成的。,○,×,,,1
自然,由兩個互相咬合的齒輪組成的齒輪組，當其中一個齒輪是順時針轉動，另一個齒輪會是逆時針轉動。,○,×,,,1
自然,螺絲起子的握柄部分比較粗，稱為「輪」，前端較細的金屬部分稱為「軸」。,○,×,,,1
自然,具有支點、施力點、抗力點、施力臂與抗力臂等構造的裝置，稱為槓桿，例如拔釘器。,○,×,,,1
自然,動滑輪屬於槓桿原理的應用，施力臂大於抗力臂，可以省力。,○,×,,,1
自然,所有槓桿工具的支點都是位在抗力點和施力點的中間。,○,×,,,2
自然,轉動旋轉式水龍頭時，在軸上施力旋轉，會比在輪上施力旋轉更省力。,○,×,,,2
自然,使用輪軸工具時，施力在輪上會比施力在軸上省力。,○,×,,,1
自然,有些晒衣架會使用定滑輪和動滑輪的組合，達到省力和方便使用的效果。,○,×,,,1
自然,當翹翹板水平平衡時，小康坐的位置離支點比較近，小軒坐的位置離支點比較遠，由此可知小軒的體重比小康重。,○,×,,,2
自然,削鉛筆機的輪軸應用原理，是輪帶動軸的省力工具。,○,×,,,1
自然,旗杆頂端設有定滑輪，讓我們在地面向下拉繩子，就可以把旗子升上旗杆的頂端。,○,×,,,1
自然,升旗時，是利用動滑輪將國旗升到旗杆頂端。,○,×,,,2
自然,在輪軸工具運作過程中，可以發現輪軸工具轉動時，輪與軸會分開轉動，輪轉一圈，軸會轉好幾圈。,○,×,,,2
自然,施力臂是指施力點到抗力點的距離。,○,×,,,2
自然,腳踏車利用齒輪與鏈條的組合，來傳送腳踩動踏板的動力使腳踏車移動。,○,×,,,1
自然,具有施力臂、抗力臂和支點這些要素的裝置，稱為槓桿。,○,×,,,1
自然,拔釘器的支點位於中間，兩端分別是施力點與抗力點。,○,×,,,1
自然,多個大小不同的齒輪排成一列，以齒和齒互相咬合在一起，相鄰兩個齒輪轉動的方向必定不同。,○,×,,,1
自然,使用滑輪時，滑輪本身位置固定不動的，稱為定滑輪。,○,×,,,1
自然,使用輪的半徑是3公分、軸的半徑是1公分的輪軸工具時，當輪轉動1圈，軸就會轉動3圈。,○,×,,,2
自然,應用槓桿原理的工具，使用時一定是施力小於抗力，可以省力。,○,×,,,2
自然,生活中，我們常會利用齒輪或齒輪組，來改變物品的轉動速度或方向。,○,×,,,1
自然,腳踏車的踏板是輪，前齒輪是軸，腳踩踏板使前齒輪轉動，可以省力。,○,×,,,1
自然,使用握把直徑5公分的螺絲起子，會比使用握把直徑3公分的省力。,○,×,,,1
自然,腳踩腳踏車踏板，帶動前齒輪轉動，是以輪帶軸。,○,×,,,1
自然,如果想要省力且方便將櫃子從一樓搬到頂樓，可以利用定滑輪和動滑輪組成的滑輪組來搬運。,○,×,,,1
自然,應用槓桿原理的工具，當施力點在中間時，使用時可以省力。,○,×,,,2
自然,將兩個齒輪用鏈條連接起來，轉動時兩個齒輪轉動的齒數會相同。,○,×,,,1
自然,用剪刀剪斷繩子時，如果用剪刀的尖端來剪繩子，會比用剪刀靠近支點的地方剪繩子來得更省力。,○,×,,,2
自然,使用輪軸時，輪和軸會一起轉動，在軸上施力比在輪上施力來得省力。,○,×,,,2
自然,利用槓桿原理來抬起重物時，當施力點固定，支點距離重物越近，越省力。,○,×,,,1
自然,踩動腳踏車的踏板時，動力傳送的方向只會到前齒輪和鏈條，不會傳送到後齒輪和後輪。,○,×,,,2
自然,輪軸的裝置中，輪會隨著物品抬升而移動位置。,○,×,,,2
自然,輪軸是槓桿原理的運用，軸心就是支點，在輪上施力時，輪的半徑是施力臂，軸的半徑是抗力臂。,○,×,,,1
自然,羅賓站在三樓，利用動滑輪將放在一樓的行李搬運到三樓，羅賓只要施行李重量一半的力，就能拉動行李。,○,×,,,2
自然,利用定滑輪將10公斤的重物往上拉2公尺，所須的力至少為10公斤。,○,×,,,1
自然,兩個互相咬合的齒輪一起轉動時，彼此轉動的方向相同或相反，和兩個齒輪的齒數有關。,○,×,,,2
自然,互相咬合的大、小齒輪，當轉動其中一個齒輪，兩個齒輪的轉動方向會相同。,○,×,,,2
自然,有些應用槓桿原理的工具，使用時雖然費力，但可以方便使用。,○,×,,,1
自然,使用定滑輪拉起物體時，施力大小約等於物體加滑輪總重量的一半。,○,×,,,2
自然,如果腳踏車上的鏈條損壞了，但是踏板、齒輪和車輪都是完好的，仍然可以將動力傳送出去、正常騎乘。,○,×,,,2
自然,使用定滑輪時，施力者不必承擔滑輪的重量；使用動滑輪時，施力者必須承擔滑輪的重量。,○,×,,,1
自然,用來裝訂紙張的大型釘書機，將要裝訂的紙擺在釘書機中間，從另一邊的長把手壓下去就能裝訂，屬於施力點在中間的槓桿工具。,○,×,,,2
自然,如果忽略滑輪本身的重量，使用動滑輪來搬運物體時，可以達到省力的效果。,○,×,,,1
自然,輪軸是由兩個半徑不同，但固定在同一個軸心的圓柱所組成，當其中一個圓柱轉動，另一個也會同步轉動。,○,×,,,1
自然,使用動滑輪來搬運物體時，施力的方向和物體的移動方向相同。,○,×,,,1
自然,動滑輪的抗力點位在滑輪的中間，支點和施力點則分別在滑輪的兩端，施力臂大於抗力臂，因此可以省力。,○,×,,,1
自然,用鏈條連接兩個齒數不同的大、小齒輪時，當小齒輪轉動1圈，大齒輪也會轉動1圈。,○,×,,,2
自然,修正帶裡面有兩個齒輪互相咬合，一個輸出修正帶，一個將使用過的修正帶收回，兩個齒輪轉動方向相同。,○,×,,,2
自然,利用鏈條連接兩個大小不同的齒輪，大齒輪轉動1齒，小齒輪轉動多於1齒。,○,×,,,2
自然,根據槓桿原理，當固定抗力與抗力臂，若施力臂越長，施力越小。,○,×,,,1
自然,螺絲起子是應用輪軸的工具，而輪軸是滑輪原理的應用。,○,×,,,2
自然,小恩和小晴分別坐在翹翹板的兩側，當小恩坐的位置離支點比較遠，小晴坐的位置離支點比較近時，可以使翹翹板保持平衡，表示小恩的體重比較重。,○,×,,,2
自然,用定滑輪裝置搬運物體時，可以改變施力方向，讓操作更加方便。,○,×,,,1
自然,當我們使用螺絲起子將螺絲鎖緊和鬆開，過程中輪軸的施力方向會改變，但同樣都有省力的效果。,○,×,,,1
自然,踩動腳踏車的踏板時，動力傳送的方向為：踏板→前齒輪→鏈條→後齒輪→後輪→前輪。,○,×,,,1
自然,生活中有些物品中具有齒輪，可以幫助傳送動力、改變轉動的方向或速度。,○,×,,,1
自然,滑輪裝置上可以找到支點、施力點和抗力點，是槓桿原理的應用。,○,×,,,1
自然,利用槓桿原理舉起物體時，如果抗力點、支點和物體的位置不變，增加施力臂長度，所須的施力大小也會增加。,○,×,,,2
自然,腳踏車的前齒輪轉動一圈，後齒輪也會轉動一圈。,○,×,,,2
自然,人們經常使用定滑輪來搬運物體，因為可以達到省力的效果。,○,×,,,2
自然,輪軸中，當輪半徑是軸半徑的兩倍，輪轉一圈時，軸會轉兩圈。,○,×,,,2
自然,修正帶是利用槓桿原理中的滑輪來傳送動力，將修正帶輸出和收回。,○,×,,,2
自然,腳踏車利用輪軸、鏈條、齒輪等裝置，構成一組省時又省力的交通工具。,○,×,,,2
自然,利用鏈條將兩個齒輪連接起來，傳送動力時，兩個齒輪的轉動方向可能相同，也可能相反。,○,×,,,2
自然,使用定滑輪並不會省力，但可以使施力方向與物體移動方向相反，方便我們完成工作。,○,×,,,1
自然,輪軸是由具有凹槽的圓輪和繩子所組成的工具，可以將物體輕鬆的抬升到高處。,○,×,,,2
自然,當槓桿工具的支點在中間，且施力臂比抗力臂長時，使用起來會費力。,○,×,,,2
自然,腳踏車的前齒輪與後齒輪由鏈條連接，利用鏈條來傳送動力。,○,×,,,1
自然,用鏈條連接腳踏車上的前、後齒輪時，兩個齒輪轉動的方向和圈數都會相同。,○,×,,,2
自然,兩個相鄰且互相咬合的齒輪，其中一個轉動時，另一個也會跟著轉動，而且轉動的圈數一定會相同。,○,×,,,2
自然,玩翹翹板時，想要讓翹翹板平衡，體重越重的人要越靠近支點，體重越輕的人則要遠離支點。,○,×,,,1
自然,當腳踩下腳踏車的踏板時，動力會以「踏板→鏈條→前齒輪→後齒輪→前輪→後輪」的方向傳送。,○,×,,,2
自然,使用定滑輪來搬運物體時，施力的方向和物體的移動方向相同。,○,×,,,2
自然,使用動滑輪拉起物體時，施力大小約等於物體的重量，不省力也不費力。,○,×,,,2
自然,只要是利用滑輪來搬運物體，就一定可以省力。,○,×,,,2
自然,腳踏車的後齒輪和後輪是一種輪軸裝置，後齒輪是輪，後輪是軸。,○,×,,,2
自然,當進行槓桿實驗時，固定施力臂與抗力，抗力臂越長，施力越小。,○,×,,,2
自然,腳踏車的前齒輪比後齒輪大，當踩動一圈踏板時，腳踏車後輪會轉動少於一圈。,○,×,,,2
自然,動滑輪雖然必須同時拉起物體和滑輪，但整體來說可以省力，適合用來搬運較重的物體。,○,×,,,1
自然,拔釘器的施力點在支點和抗力點之間，使用時費力但方便使用。,○,×,,,2
自然,使用鑷子與麵包夾時，因為施力臂比抗力臂長，所以無法省力。,○,×,,,2
自然,輪軸的原理和槓桿相似，也有支點、施力點和抗力點。,○,×,,,1
自然,鬧鐘內有大小不同的齒輪，是利用齒輪達到改變轉動速度的效果。,○,×,,,1
自然,轉動門上的喇叭鎖時，如果手握在直徑比較小的部位，轉動起來會比較省力。,○,×,,,2
自然,具有齒輪組的生活物品，使用時通常會傳遞動力。,○,×,,,1
自然,開車時，駕駛能夠不費力的轉動方向盤來控制汽車的行徑方向，這是因為汽車方向盤是以輪帶軸的輪軸。,○,×,,,1
自然,腳踩腳踏車踏板的速度相同時，如果連接踏板的前齒輪越大，腳踏車前進的速度也越快。,○,×,,,1
自然,10齒和15齒的齒輪咬合在一起轉動時，當10齒的齒輪轉動3圈，15齒的齒輪會轉動2圈。,○,×,,,1
自然,根據槓桿原理，當抗力與抗力臂固定，施力臂長度增加兩倍時，施力也會變成兩倍。,○,×,,,2
自然,互相咬合的齒輪組轉動時，大齒輪轉動的圈數會比小齒輪轉動的圈數少。,○,×,,,1
自然,齒輪組只能用2個齒輪互相咬合，如果使用超過2個的齒輪組合將無法轉動。,○,×,,,2
自然,滑輪組是一種省力又省時的工具，因此應用十分普遍。,○,×,,,2
自然,當槓桿的支點在中間，且抗力大小相同，如果施力臂比抗力臂長時，會比施力臂和抗力臂一樣長時還省力。,○,×,,,1
自然,吊車主要是利用輪軸裝置來吊運物體，以達到省力的效果。,○,×,,,2
自然,使用槓桿抬起物體時，什麼情況下會比較省力？　,施力臂＞抗力臂　,抗力臂＞施力臂　,抗力臂＝施力臂　,不一定。,1
自然,下列應用輪軸的物品，哪一個是施力在軸？　,旋轉式水龍頭　,竹蜻蜓　,手搖式削鉛筆機　,門把。,2
自然,可以被稱為槓桿的裝置不具有下列哪一個要素？　,平衡點　,支點　,施力點　,抗力點。,1
自然,使用下列哪一種物品時，不具有支點、施力點和抗力點？　,拔釘器　,天平　,直尺　,開瓶器。,3
自然,下列哪一個不是應用輪軸的物品？　,釘書機　,竹蜻蜓　,電風扇　,?麵棍。,1
自然,踩動腳踏車踏板的動力是利用下列哪一個組合裝置來傳送，使腳踏車前進？　,輪軸與滑輪　,輪軸　,齒輪和鏈條　,槓桿。,3
自然,我們利用什麼裝置將旗子升上旗杆的頂部？　,槓桿器　,輪軸　,定滑輪　,動滑輪。,3
自然,下列關於翹翹板的構造，哪一項敘述是不正確的？　,中間有一個支撐的支點　,兩端的位置分別是施力點與抗力點　,施力點到支點的距離是施力臂　,支點到抗力點的距離是施力臂。,4
自然,下列哪一項是應用輪軸的物品？　,開瓶器　,鑷子　,?麵棍　,剪刀。,3
自然,使用榨汁器來榨取檸檬汁時，檸檬與榨汁器接觸的位置稱為什麼？　,施力點　,支點　,抗力點　,中點。,3
自然,修正帶是利用什麼裝置來輸送修正帶的呢？　,齒輪　,滑輪組　,槓桿　,輪軸。,1
自然,下列應用輪軸原理的工具中，哪一種不是省力的裝置？　,竹蜻蜓　,削鉛筆機　,水龍頭　,門把。,1
自然,下列哪一個是支點在中間的槓桿工具？　,麵包夾　,榨汁器　,開瓶器　,剪刀。,4
自然,下列物品中，哪一個是齒輪在生活中的應用？　,竹蜻蜓　,門把　,修正帶　,開瓶器。,3
自然,轉動削鉛筆機的把手，帶動內部的軸心，讓刀具快速旋轉，這是應用下列哪一種原理呢？　,滑輪　,齒輪　,鏈條　,輪軸。,4
自然,用棍子橫放在椅背上，利用棍子抬起重物，哪一種抬起重物的方法最省力？　,手離椅背遠，重物離椅背近　,重物和手離椅背相同距離　,重物離椅背遠，手離椅背近　,每一種方法都省力。,1
自然,下列哪一項工具沒有應用槓桿原理？　,開瓶器　,鑷子　,榨汁器　,彈簧秤。,4
自然,利用定滑輪升起旗杆上的旗子，其中定滑輪的主要功用是什麼？　,省力　,費力　,改變施力方向　,省時。,3
自然,利用定滑輪來搬運20公斤重的物體時，可能會有下列哪一項情況發生？　,施力10公斤重的力，物體就會移動　,施力超過20公斤重的力，物體就會移動　,施力方向與物體移動方向相同　,滑輪會隨著重物的方向移動。,2
自然,有兩個互相咬合的齒輪，將其中一個以順時針方向轉動，另一個會如何轉動？　,以順時針方向轉動　,以逆時針方向轉動　,不會轉動　,朝任意方向轉動。,2
自然,小萱想用繩子把一塊大石頭從井裡拉上來，使用下列哪一種工具，可以讓他施力的方向往下，但石頭的移動方向往上呢？　,彈簧秤　,動滑輪　,定滑輪　,鑷子。,3
自然,使用下列哪一種工具可以最輕鬆的打開食品罐蓋子？　,鑰匙　,小鐵釘　,50元錢幣　,長柄湯匙。,4
自然,腳踏車的設計中運用多種簡單機械原理，下列哪一種簡單機械沒有出現在腳踏車的構造中？　,鏈條　,齒輪　,輪軸　,滑輪。,4
自然,在翹翹板上，如果體重較重的人不移動位置，體重較輕的人應該怎麼坐，才可能將體重比他重的人抬高？　,儘量靠近支點　,儘量遠離支點　,坐在支點上　,兩人都坐在離支點相同距離的位置。,2
自然,在槓桿原理中，支點到施力點的距離稱為什麼？　,用力距離　,支點距離　,施力臂　,抗力臂。,3
自然,下列哪一個不是應用輪軸的原理來運作的物品？　,門把　,螺絲起子　,電風扇　,翹翹板。,4
自然,下列哪一項不屬於槓桿具備的要素？　,施力點　,抗力點　,扭力點　,支點。,3
自然,輪軸是槓桿原理的應用，下列哪一種情況屬於省力的情形？　,施力在輪上　,施力在軸上　,施力在支點上　,施力點和抗力點相同。,1
自然,起重機能輕鬆吊起重物的設計，是應用下列何者？　,滑輪　,輪軸　,直尺　,彈簧秤。,1
自然,日常生活中，哪一種工具主要是利用輪軸的原理來幫忙開門或轉動？　,門把手　,筷子　,尺　,開瓶器。,1
自然,兩個互相咬合的齒輪，當大齒輪以順時針方向轉動，小齒輪轉動的方向為何？　,順時針方向　,逆時針方向　,不一定　,一下順時針、一下逆時針。,2
自然,下列哪一個不是應用槓桿原理製作的工具或物品？　,鑷子　,尖嘴鉗　,剪刀　,溫度計。,4
自然,當兩個齒輪以鏈條連接時，大齒輪以順時針方向轉動，小齒輪轉動的方向為何？　,順時針方向　,逆時針方向　,不一定　,一下順時針、一下逆時針。,1
自然,下列哪一個應用槓桿原理設計的工具，使用時一定費力？　,大型釘書機　,麵包夾　,開瓶器　,剪刀。,2
自然,使用施力臂和抗力臂一樣長的槓桿工具時，會是下列哪一種施力情形？　,費力　,省力　,不省力也不費力　,先費力再省力。,3
自然,玩翹翹板時，中間支撐的位置稱為？　,支點　,重點　,抗力點　,施力點。,1
自然,操作槓桿實驗器時，如果施力臂比抗力臂長，施力和抗力之間有什麼關係呢？　,施力大於抗力　,施力小於抗力　,施力等於抗力　,施力與抗力各有大小的可能。,2
自然,使用螺絲起子轉動螺絲釘時，手要握在什麼位置會比較省力？　,螺絲起子的最前端　,螺絲起子的握把　,螺絲起子中間的細軸　,任何位置的施力大小都相同。,2
自然,用湯匙打開食品罐，是哪一種原理的運用？　,槓桿原理　,連通管原理　,同極相斥、異極相吸原理　,熱脹冷縮原理。,1
自然,下列哪一種裝置沒有應用到齒輪？　,修正帶　,腳踏車　,膠帶　,機械式鐘錶。,3
自然,阿美進行輪軸實驗，他將待試驗的物品和彈簧秤掛在輪軸上，此時輪上和軸上用來吊掛物品和彈簧秤的棉線應該如何纏繞？　,纏繞方向要相同　,纏繞方向要相反　,隨便纏繞即可　,不需要纏繞棉線。,2
自然,下列哪一項不是運用齒輪傳送動力的物品？　,螺絲起子　,修正帶　,腳踏車　,指針時鐘。,1
自然,下列物品中，哪一個不是齒輪在生活中的應用？　,水龍頭　,鬧鐘　,修正帶　,腳踏車。,1
自然,大齒輪24齒，小齒輪6齒，將2個齒輪互相咬合，當大齒輪轉1圈時，小齒輪會轉幾圈？　,1圈　,2圈　,3圈　,4圈。,4
自然,槓桿工具中，施力的位置稱為什麼？　,抗力點　,支點　,施力點　,施力臂。,3
自然,下列關於腳踏車的構造，哪一項敘述不正確？　,腳踏車的前齒輪與後齒輪以鏈條連接　,腳踏車的踏板與前齒輪固定在同一軸心　,後齒輪與後輪固定在同一軸心　,前齒輪與後齒輪相互咬合在一起。,4
自然,有關輪軸的敘述，下列哪一項不正確？　,輪軸是槓桿原理的應用　,使用輪軸時，輪與軸會一起轉動，當軸轉動1圈，輪會轉動好幾圈　,使用輪軸時，手在直徑大的圓柱施力，就會省力　,喇叭鎖、手搖式削鉛筆機、旋轉式水龍頭、螺絲起子等都是應用輪軸的物品。,2
自然,下列關於齒輪構造的敘述，哪一項是不正確的？　,齒輪的邊緣有許多相同齒狀凸出物　,大齒輪的齒數比小齒輪的齒數多　,大齒輪的齒狀凸出物較小齒輪的大　,大、小齒輪齒狀凸出物一樣大。,3
自然,抗力臂是指哪兩點之間的距離？　,施力點到支點　,抗力點到支點　,施力點到抗力點　,施力點到抗力點的中間。,2
自然,修剪花木所使用的花剪，是一種施力臂比抗力臂長的工具，下列關於花剪的敘述，哪一項是正確的？　,是費力的工具　,是省力的工具　,抗力點與支點的距離比施力點與支點的距離長　,不具有支點。,2
自然,下列有關動滑輪的敘述，哪一項是正確的？　,使用時可以省力　,滑輪的位置固定，不會隨著物體移動　,一定要和定滑輪一起使用才能省力　,施力方向和物體的移動方向相反。,1
自然,腳踏車是生活中常見的移動工具，下列關於腳踏車構造的敘述，哪一項是不正確的？　,前齒輪轉動1圈，後齒輪會轉動1圈　,踏板帶動前齒輪，是以輪帶軸　,前齒輪、後齒輪以鏈條連接　,後齒輪帶動後輪，是以軸帶輪。,1
自然,腳踏車的後車輪與下列哪一個構造固定在同一軸心？　,踏板　,前齒輪　,後齒輪　,鏈條。,3
自然,起重機使用定滑輪與動滑輪來吊起物體，這種組合式的滑輪組有什麼好處？　,使用定滑輪時，物體移動方向與施力方向相同　,使用定滑輪可以達到省力的效果　,動滑輪可以改變物體移動的方向　,定滑輪和動滑輪的組合兼具省力和改變物體移動方向的功能。,4
自然,轉動兩個互相咬合的大、小齒輪，當大齒輪轉動1齒時，小齒輪會轉動幾齒？　,剛好1齒　,多於1齒　,少於1齒　,視兩個齒輪的大小比例而定。,1
自然,在齒輪鏈條組中，鏈條的主要功能是什麼？　,改變轉動方向　,增加摩擦力　,固定齒輪　,傳送動力。,4
自然,下列哪一種工具設計的目的不是為了省力？　,拔釘器　,榨汁器　,鑷子　,開瓶器。,3
自然,20齒和60齒的齒輪互相咬合，一起轉動時，20齒的齒輪轉3圈，60齒的齒輪會轉幾圈？　,1圈　,2圈　,3圈　,4圈。,1
自然,進行槓桿實驗時，將支點左邊的第4格處作為抗力點，掛上2個等重的砝碼，在支點右邊第4格處應該掛幾個等重的砝碼才能讓槓桿水平平衡？　,1個　,2個　,3個　,4個。,2
自然,透過槓桿實驗可以知道，當抗力及抗力臂固定時，要使槓桿水平平衡，施力臂與施力的關係會如何？　,施力臂越短，越省力　,施力臂等於抗力臂時，最費力　,施力臂越長，越省力　,施力臂長短與施力大小無關。,3
自然,使用麵包夾時，會是下列哪一種施力情形？　,不省力也不費力　,有時省力，有時費力　,省力　,費力。,4
自然,根據槓桿原理，定滑輪的裝置是屬於下列哪一種簡單機械？　,抗力點在滑輪的中心　,施力臂長度等於抗力臂長度　,支點和施力點分別在滑輪的兩端　,施力方向和物體移動方向相同。,2
自然,使用下列哪一種工具時，一定可以省力呢？　,鑷子　,榨汁器　,長刃剪刀　,麵包夾 ,2
自然,削鉛筆機是一種省力的工具，它是應用下列哪一種簡單機械？　,以軸帶輪的輪軸　,以輪帶軸的輪軸　,動滑輪　,定滑輪。,2
自然,當定滑輪與動滑輪組合時，不具有下列哪一項特性？　,物體移動方向與施力方向相反　,可以達到省力的效果　,須施較大的力搬動物體　,方便使用。,3
自然,姊姊和弟弟一起玩翹翹板，姊姊體重30公斤，弟弟體重20公斤，他們分別坐在翹翹板兩端，坐在哪一個位置較容易達到平衡？　,姊姊往外側移動，弟弟往中間移動　,姊姊和弟弟都往外側移動　,姊姊和弟弟都往中間移動　,姊姊往中間移動，弟弟往外側移動。,4
自然,下列哪一項物品中，沒有齒輪的構造呢？　,機械式鐘錶　,天平　,修正帶　,腳踏車。,2
自然,吊車通常利用哪一種裝置來吊運重物，達到省力的目的？　,輪軸　,槓桿　,定滑輪　,定滑輪和動滑輪的組合。,4
自然,使用下列哪一個應用輪軸的物品，無法省力？　,?麵棍　,手搖式削鉛筆機　,螺絲起子　,旋轉式水龍頭。,1
自然,施力點在中間的槓桿工具，使用時的施力狀況是如何？　,不省力也不費力　,省力　,費力　,不一定。,3
自然,使用下列哪一個應用槓桿原理的工具時，會費力但方便使用？　,鑷子　,榨汁器　,開瓶器　,尖嘴鉗。,1
自然,下列關於踩動踏板使腳踏車前進的動力傳送過程，哪一項是正確的？　,前齒輪→鏈條→後齒輪→後輪→前輪　,前齒輪→後齒輪→鏈條→後輪→前輪　,前齒輪→前輪→鏈條→後齒輪→後輪　,前齒輪→鏈條→後輪→後齒輪→前輪。,1
自然,關於輪軸的敘述，下列何者不正確？　,輪軸是透過轉動方式來傳送動力的裝置　,輪軸也是槓桿原理的應用　,施力在輪的物品可以省力　,竹蜻蜓是施力在輪的物品。,4
自然,操作槓桿實驗時，如果讓抗力臂的長度變長，維持水平平衡時所需的施力大小會有什麼變化？　,變小　,變大　,一樣大　,不一定。,2
自然,下列哪一種情形不是槓桿原理的應用？　,用榨汁器榨取檸檬汁　,用開瓶器打開汽水瓶瓶蓋　,用尖嘴鉗夾斷鐵絲　,用一條裝滿水的水管幫水族箱換水。,4
自然,下列哪一項不屬於槓桿工具？　,翹翹板　,玩具天平　,剪刀　,直尺。,4
自然,下列關於輪軸的敘述，哪一項是正確的？　,施力在軸時，輪半徑是支點　,施力在輪上時，輪半徑是施力臂　,輪半徑和軸半徑的長度相同　,施力在軸上，軸半徑是抗力臂。,2
自然,下列哪一個是抗力點在中間的槓桿工具？　,尖嘴鉗　,開瓶器　,鑷子　,麵包夾。,2
自然,小芳用一個動滑輪將40公斤的重物吊起，如果忽略動滑輪本身的重量，他至少須施力多少公斤？　,10公斤　,20公斤　,30公斤　,40公斤。,2
自然,如果不計算滑輪的重量，使用動滑輪時，施20公斤的力拉動繩子，最多能抬起多少公斤重的物體？　,10公斤重　,20公斤重　,30公斤重　,40公斤重。,4
自然,下列哪一個人不是應用槓桿原理來做事？　,美美用剪刀剪報紙　,小芳用麵包夾將麵包夾起來　,正男用放大鏡來聚集光線　,小凱用湯匙抵住奶粉罐邊緣來打開蓋子。,3
自然,使用下列哪一種設計的槓桿工具，可以達到省力的效果？　,抗力臂大於施力臂　,抗力臂等於施力臂　,施力臂大於抗力臂　,支點在中間的槓桿工具都可以省力。,3
自然,下列關於槓桿的敘述，何者正確？　,施力點在中間的槓桿一定省力　,抗力點在中間的槓桿一定費力　,支點在中間的槓桿可能省力、可能費力，也可能不省力也不費力　,槓桿是否省力和支點、抗力點、施力點的位置沒有關係。,3
自然,踩動腳踏車踏板後，下列哪一項是正確的腳踏車動力傳送方向？　,踏板→前齒輪→鏈條→後齒輪→後輪→前輪　,踏板→鏈條→前齒輪→前輪→後輪→後齒輪　,踏板→後輪→鏈條→後齒輪→前齒輪→前輪　,踏板→前輪→前齒輪→鏈條→後輪→後齒輪。,1
自然,手搖式削鉛筆機是下列哪一種原理的運用？　,熱脹冷縮　,滑輪　,連通管原理　,輪軸。,4
自然,有關齒輪的敘述，下列哪一項不正確？　,齒輪裝置可以改變物體的轉動速度　,兩個咬合在一起的齒輪無法傳送動力　,2個齒輪以鏈條連接時，可以傳送動力　,2個互相咬合的大、小齒輪一起轉動時，轉動的圈數和齒輪的齒數有關。,2
自然,小威進行輪軸實驗時，將8克重的物體掛在軸上，他至少須在輪上施多少力，才能拉動軸上的物體？　,大於8克重　,等於8克重　,小於8克重　,不論施多少力都拉不動。,3
自然,阿基米德曾說過：「給我一個支點和一根夠長的棍子，我可以舉起整個地球。」，依據槓桿原理，須達成下列哪一項條件，這句話才可能成立？　,施力臂大於抗力臂　,抗力臂等於施力臂　,抗力臂大於施力臂　,施力點在支點和抗力點的中間。,1
自然,使用動滑輪裝置搬運60公斤重的物體，如果忽略動滑輪本身的重量，最少要施多少力，才能拉起物體不讓物體掉落？　,80公斤重　,60公斤重　,30公斤重　,10公斤重。,3
自然,使用動滑輪裝置時，具有哪些特點？　,省力，但不能改變施力方向　,不省力，且不能改變施力方向　,不省力，但可以改變施力方向　,省力，且可以改變施力方向。,1
自然,使用動滑輪時，下列哪一項敘述是正確的？　,施力方向與物體移動方向相反　,支點在滑輪的中心點　,使用時可以省力　,施力臂長度等於抗力臂長度。,3
自然,騎腳踏車時，腳踩踏板帶動前齒輪，再透過鏈條帶動後齒輪，同時轉動後輪，促使腳踏車前進。請問此過程中沒有應用到下列哪一種簡單機械？　,輪軸　,滑輪　,齒輪　,鏈條。,2
自然,踩動腳踏車踏板時，腳踏車前、後兩個齒輪會如何轉動呢？　,前、後齒輪轉動的方向相同　,前、後齒輪轉動的方向相反　,由車子的行進方向決定兩個齒輪轉動的方向是否相同　,前齒輪轉一圈時，後齒輪也轉一圈。,1
自然,要搬運很重的物體時，為了達到省力的效果，應該選用下列哪一種滑輪？　,定滑輪　,動滑輪　,定滑輪或動滑輪都可以　,定滑輪和動滑輪兩種都不行。,2
自然,進行「輪軸實驗」時，若施力於軸上，下列哪一項敘述是不正確的？　,施力於軸上較省力　,施力臂小於抗力臂　,施力於軸上較費力　,軸心是支點。,1
自然,下列有關應用槓桿原理工具的敘述，哪一項是正確的？　,一定會費力　,不一定省力或費力　,一定會省力　,一定會不省力也不費力。,2
自然,踩動腳踏車的踏板，會使得前齒輪一起轉動，這主要是運用下列哪一種簡單機械的原理？　,滑輪　,滑輪組　,齒輪和鏈條　,輪軸。,4
自然,生活中有許多齒輪應用的物品，下列哪一個物品內部沒有使用齒輪？　,修正帶　,電暖器　,玩具車　,鬧鐘。,2
自然,將大小不同的兩個齒輪互相咬合，組成齒輪組。下列關於這個齒輪組的敘述，哪一項是不正確的？　,轉動大齒輪，小齒輪也會轉動　,大齒輪和小齒輪轉動的方向會相反　,大齒輪和小齒輪轉動的齒數會相同　,大齒輪轉動的速度比小齒輪快。,4
自然,下列哪一種應用槓桿原理的工具和剪刀一樣，支點在中間？　,尖嘴鉗　,麵包夾　,鑷子　,開瓶器。,1
自然,萱萱利用定滑輪搬運30公斤重的物體時，用下列哪一種大小的力，物體會移動？　,5公斤重　,10公斤重　,20公斤重　,40公斤重。,4
自然,由A、B兩個齒輪互相咬合而成的齒輪組在運作時，當A齒輪轉動3圈，B齒輪會轉動1圈。關於這個齒輪組，下列哪一個敘述是正確的？　,兩個齒輪的轉動方向相同　,A齒輪的齒數比B齒輪多　,A齒輪比B齒輪大　,A齒輪的轉動速度比較快。,4
自然,使用園藝剪刀時，手握在距離支點多遠處會最省力？　,15公分　,25公分　,35公分　,45公分。,4
自然,進行「輪軸實驗」時，可以發現在哪一個部位施力，會比較費力？　,施力在輪上，以輪帶軸　,施力在軸上，以軸帶輪　,施力在軸心的支點上　,施力在施力點上。,2
自然,削鉛筆機是運用輪軸的工具，當削鉛筆機的把手轉動一圈時，軸會轉動幾圈？　,4圈　,3圈　,2圈　,1圈。,4
自然,小明用一把長鐵棒抬起石頭，如果他將石頭放越靠近支點的位置，且施力的位置不變，會發生下列哪一種情形？　,減少施力　,增加施力　,不會改變施力　,石頭本身的重量會變輕。,1
自然,利用兩個大小相同的齒輪和一條鏈條，互相組合，關於這些組合的敘述，下列哪一項正確？　,將兩個齒輪互相咬合，齒輪的轉動方向會相反　,用鏈條連接兩個齒輪，齒輪的轉動方向會相反　,將兩個齒輪互相咬合，兩個齒輪轉動的圈數會不同　,用鏈條連接兩個齒輪，兩個齒輪轉動的圈數會不同。,1
自然,下列哪一種應用槓桿原理的工具，支點位於中間，施力點和抗力點位於兩側？　,鑷子　,麵包夾　,開瓶器　,剪刀。,4
自然,如果為了方便操作，想要讓物體移動的方向和施力方向不同，應該選用下列哪一種滑輪？　,定滑輪　,動滑輪　,定滑輪或動滑輪都可以　,定滑輪和動滑輪兩種都不行。,1
自然,小晴想使用可以省力且施力方向和物體移動方向相反的晒衣架，將剛洗好的衣服晒起來晾乾，他應該使用下列哪一種晒衣架？　,只有定滑輪的晒衣架　,只有動滑輪的晒衣架　,同時有定滑輪和動滑輪的晒衣架　,具有彈簧的晒衣架。,3
自然,下列哪一項不是生活中應用輪軸的工具？　,手搖式削鉛筆機　,剪刀　,喇叭鎖　,電風扇。,2
自然,下列哪一項不是齒輪的主要功能？　,傳送動力　,改變轉動的方向　,改變轉動的速度　,增加物品的重量。,4
自然,如果想要改變施力方向，並達到省力的效果，應該選用下列哪一種裝置？　,定滑輪　,動滑輪　,動滑輪和定滑輪都不行　,將動滑輪和定滑輪一起搭配使用。,4
自然,使用輪半徑8公分、軸半徑4公分的輪軸進行實驗時，如果在輪上掛50克重的物體，請問在軸上彈簧秤的拉力可能會是多少克重？　,20克重　,50克重　,80克重　,100克重。,4
自然,下列哪一個槓桿工具的施力點在中間？　,剪刀　,榨汁器　,麵包夾　,尖嘴鉗。,3
自然,應用槓桿原理來做事時，應該怎麼做才能省力？　,讓抗力臂大於施力臂　,讓施力臂大於抗力臂　,讓施力臂等於抗力臂　,只要是槓桿原理的應用都可以省力。,2
自然,怎樣使用輪軸會比較省力？　,在軸心的位置施力　,在軸上施力　,在輪上施力　,無論怎樣使用都能省力。,3
自然,根據槓桿原理，動滑輪的裝置屬於下列哪一種簡單機械？　,施力臂小於抗力臂　,施力臂等於抗力臂　,施力臂大於抗力臂　,支點在懸掛重物的地方。,3
自然,輪軸的軸心相當於槓桿的什麼位置？　,施力點　,抗力點　,支點　,原點。,3
自然,使用螺絲起子旋緊螺絲時，手握住的部分相當於輪，尖端插入螺絲的部分相當於軸。這種設計的主要目的是下列何者？　,增加施力臂長度，達到省力的效果　,減少旋轉次數，達到省時的效果　,讓施力的方向保持一致　,讓施力點和抗力點保持平衡。,1
自然,腳踏車踏板踩動的方向，和後輪的轉動方向有什麼關係？　,轉動方向相反　,轉動方向相同　,沒有關係　,有時候相同，有時候相反。,2
自然,在定滑輪兩端各掛一個彈簧秤並保持平衡，接著於一端掛上50克重的物品，另一端用手拉動彈簧秤，達到平衡時，手的施力大小為下列何者？　,大於50克重　,等於50克重　,小於50克重　,無法計算。,2
自然,用鏈條將兩個大、小不同的齒輪連接起來，觀察齒輪的轉動情形，下列哪一項敘述是正確的呢？　,大、小齒輪的轉動方向會相同　,大、小齒輪的轉動方向會相反　,大、小齒輪的轉動圈數會相同　,小齒輪轉動1圈，大齒輪會轉動多於1圈。,1
自然,當施力在輪上時，施力臂的長度會是下列哪一項呢？　,軸直徑　,輪直徑　,輪半徑　,軸半徑。,3
自然,機械式鐘錶是利用什麼裝置來傳送動力，使秒針、分針和時針轉動呢？　,齒輪組　,滑輪組　,鏈條和齒輪組　,輪軸。,1
自然,請問可以與被搬運的物體一起移動的滑輪，稱為什麼？　,圓滑輪　,靜滑輪　,定滑輪　,動滑輪。,4
自然,下列關於槓桿的敘述，哪一項是不正確的？　,施力臂的長短會影響施力的大小　,支點在中間才符合槓桿原理　,抗力臂的長短會影響施力的大小　,槓桿包含支點、施力點和抗力點。,2
自然,下列哪一種情形不是槓桿原理的應用？　,和同學玩翹翹板　,用開瓶器打開汽水瓶蓋　,用鑷子夾取砝碼　,利用毛巾擦乾桌面上的水漬。,4
自然,使用槓桿工具的例子中，下列哪一個最符合使用時雖然費力，但方便使用？　,用榨汁器榨果汁　,用拔釘器拔釘子　,用麵包夾夾食物　,用開瓶器打開瓶蓋。,3
自然,關於槓桿原理的敘述，下列何者不正確？　,抗力臂小於施力臂，施力會比抗力小　,抗力臂大於施力臂，施力會比抗力大　,抗力臂小於施力臂，施力會比抗力大　,抗力臂等於施力臂時，施力與抗力一樣大。,3
自然,10齒和15齒的齒輪互相咬合，一起轉動時，15齒的齒輪轉2圈，10齒的齒輪會轉幾圈？　,1圈　,2圈　,3圈　,4圈。,3
自然,進行輪軸實驗時，小恩在輪上掛了3個等重的砝碼，此時軸上要掛幾個等重的砝碼，裝置才會靜止？　,等於3個　,少於3個　,多於3個　,無法確定。,3
自然,下列關於輪軸的敘述，哪一種情形一定是費力的？　,支點在中心　,以軸帶輪，軸半徑小於輪半徑　,施力在輪上，輪半徑為施力臂　,以輪帶軸，軸半徑為抗力臂。,2
自然,兩個互相咬合的齒輪，大齒輪有60齒，小齒輪有20齒，當大齒輪轉動1圈時，會帶動小齒輪轉動幾圈？　,1圈　,2圈　,3圈　,4圈。,3
自然,有些晒衣架具有滑輪的裝置，下列敘述哪一項是不正確的？ 　 ,A是定滑輪　,B可以省力　,A和B都可以改變施力方向　,A不省力也不費力。,3
自然,轉動旋轉式水龍頭的開關時，手在大圓輪上施力轉動，會使力量傳到小圓輪上讓水流出來或停止，這是應用哪一種原理？　,輪軸　,滑輪　,虹吸現象　,毛細現象。,1
自然,分別用定滑輪和動滑輪將同一個重物拉到相同的高度，下列敘述哪一項是不正確的？　,定滑輪能改變施力方向　,施力時，動滑輪比定滑輪更省力　,動滑輪不能改變施力方向　,定滑輪和動滑輪都能省力。,4
自然,兩個大、小齒輪互相咬合，當大齒輪轉動1圈時，小齒輪轉動了3圈。下列哪一項可能是這個齒輪組中齒輪的齒數？　,大齒輪50齒，小齒輪10齒　,大齒輪40齒，小齒輪10齒　,大齒輪30齒，小齒輪10齒　,大齒輪20齒，小齒輪10齒。,3
自然,修正帶能同時收回用過的帶子並送出新的帶子，是因為裡面有什麼構造？　,輪軸　,齒輪　,滑輪　,槓桿。,2
自然,關於滑輪的敘述，下列何者不正確？　,滑輪是由有凹槽的圓輪和繩子所組成　,定滑輪不會隨物品移動　,使用動滑輪可以省力　,使用動滑輪可以改變施力方向。,4
自然,兩個齒輪以鏈條連接，大齒輪有90齒，小齒輪有30齒，當大齒輪轉動1圈時，會帶動小齒輪轉動幾圈？　,1圈　,2圈　,3圈　,4圈。,3
自然,把木棍橫放在椅背上，並於木棍左端掛上書包，右端則用手往下壓，如果漸漸將手往木棍外側移動，過程中木棍皆保持水平平衡，手的施力會如何變化？　,越來越大　,越來越小　,忽大忽小　,沒有改變。,2
自然,下列哪一個槓桿工具的設計，最符合「利用較長施力臂的設計來省力」？,,,,,
自然,小華觀察時鐘時，發現裡面有大、中、小三個齒輪互相咬合，且在時針、分針和秒針中，秒針轉得最快。請問秒針最有可能是連接哪一個齒輪？　,大齒輪　,中齒輪　,小齒輪　,無法判斷。,3
自然,阿民在槓桿支點的左邊第5格處掛上8個等重的小砝碼，然後在支點的右邊第4格處掛上一個20克重的大砝碼，使槓桿達成水平平衡，請問一個小砝碼有多重？　,1克重　,2克重　,3克重　,5克重。,2
自然,進行槓桿實驗時，如果抗力與抗力臂固定，當施力臂變為兩倍時，施力大小會如何變化？　,施力大小變為兩倍　,施力大小變為原來的一半　,施力大小變為原來的三倍　,施力大小不會改變。,2
自然,使用有握把的螺絲起子能夠達到省力的效果，當螺絲起子的握把轉動1圈時，中間的金屬棒轉動了幾圈？　,3圈　,2圈　,1圈　,不會轉動。,3
自然,小華在槓桿實驗中，將1個20克重的砝碼掛在支點左側第3格，如果想要在支點右側第6格施力，需要施多少克重的力才能使槓桿達到水平平衡？　,10克重　,20克重　,30克重　,60克重。,1
自然,想讓腳踩踏板一圈時，腳踏車能移動較長的距離，應該怎麼調整齒輪？　,前齒輪變大，後齒輪變小　,前齒輪變小，後齒輪變大　,前齒輪變小，後齒輪不變　,前齒輪不變，後齒輪變大。,1
自然,將繩子一端固定在支架上，另一端繞過已掛上物體的動滑輪，動滑輪與物體共50克重，當拉動繩子達到平衡時，施力大小為多少克重？　,100克重　,50克重　,25克重　,10克重。,3
自然,西元2023年臺中市發生起重機吊臂掉落砸到捷運的工安意外，下列關於起重機的裝置，哪一項是正確的？　,起重機主要是應用輪軸裝置來吊起物體　,起重機的裝置與槓桿原理無關　,起重機在吊臂上的裝置是定滑輪，可以改變吊掛物體的重量　,起重機上吊掛物品的裝置是動滑輪，使用時較為省力。,4
自然,下列哪一種齒輪的搭配可以讓腳踏車騎起來較輕鬆？　,小的前齒輪配大的後齒輪　,大的前齒輪配小的後齒輪　,前齒輪和後齒輪的大小相同　,前齒輪和後齒輪間不用使用鏈條連接。,1
自然,使用支點在中間的槓桿工具時，會省力嗎？　,一定省力　,一定不省力　,可能省力，也可能不省力　,多使用幾次就會省力。,3
自然,在椅背上橫放木棍，一端掛上書包，並用手在另一端的固定位置上施力，要使木棍保持水平平衡，下列敘述何者正確？　,書包離椅背越遠，所需施的力越大　,書包離椅背越近，所需施的力越大　,書包離椅背越遠，所需施的力越小　,不論書包離椅背多遠，所需施的力大小都相同。,1
自然,在槓桿支點左邊第二格的位置掛3個等重的砝碼，那麼要在支點右邊第三格的位置掛幾個等重的砝碼，槓桿才會水平平衡？　,1個　,2個　,3個　,4個。,2
自然,有甲、乙兩個齒輪，以鏈條連接，當甲轉動4圈時，乙轉了2圈，請問甲、乙兩個齒輪的齒數有什麼關係？　,甲為乙的2倍　,乙為甲的2倍　,甲為乙的4倍　,乙為甲的4倍。,2
自然,希臘科學家阿基米德有一句名言：「給我一個支點和一根夠長的棍子，我就能搬動地球。」這句話是根據什麼原理而說的呢？　,地球引力　,虹吸現象　,槓桿原理　,連通管原理。,3
自然,想用一支長木棍移動一顆大石頭，手離撐住長木棍的支點越近時，搬動大石頭所需的施力大小會有什麼變化？　,越小　,越大　,都一樣　,用多大的力也無法移動。,2
自然,把棍子橫放在椅背上，在棍子左邊中間的位置掛了裝水的水桶，右端用手向下壓來維持水平平衡，若將水桶移動到木棍最左端的位置，手壓的力量要怎樣改變才能繼續維持水平平衡？　,變小　,保持不變　,忽大忽小　,變大。,4
自然,進行槓桿實驗時，在支點左邊第3格位置掛上40克重的砝碼，在支點右邊的情況，下列哪一項槓桿不會水平平衡？　,第2格掛60克重的砝碼　,第4格掛30克重的砝碼　,第6格掛30克重的砝碼　,第6格掛20克重的砝碼。,3
自然,已知輪軸的輪半徑是10公分，軸半徑是5公分，當輪上掛4個20克重的砝碼時，必須在軸上施多少力，才可以使輪軸達到平衡？　,80克重　,160克重　,40克重　,200克重。,2
自然,使用下列哪一種裝置抬高物體時，手施力的方向是向上？　,定滑輪　,動滑輪　,滑輪組　,轆轤（一種輪軸裝置）。,2
自然,進行槓桿實驗時，當抗力大小固定為40克重，下列哪一種情形的施力最小？　,抗力臂4格、施力臂4格　,抗力臂6格、施力臂1格　,抗力臂1格、施力臂5格　,抗力臂3格、施力臂2格。,3
自然,如果想要應用輪軸的原理，讓工具使用起來更省力，可以如何設計？　,讓輪的半徑變小　,讓軸的半徑變大　,讓輪的半徑變大　,讓輪和軸的半徑一樣大。,3
自然,拆開手錶可以發現裡面有許多齒輪，下列關於這些齒輪的描述，哪一個是不正確的？　,齒輪的齒數都相同　,齒輪是互相咬合的　,齒輪的大小不同　,其中一個齒輪轉動時，會帶動其他的齒輪轉動。,1
自然,削鉛筆機是利用輪軸原理設計的，施力臂相當於下列何者？　,鉛筆的半徑　,鉛筆的直徑　,兩倍手把的長度　,手把的長度。,4
自然,阿力在槓桿支點的左邊掛一袋蘋果，然後在支點右邊30公分的位置施力，使槓桿保持水平平衡。當蘋果掛在支點左邊的哪一個位置時，阿力會最省力？　,離支點35公分處　,離支點30公分處　,離支點25公分處　,離支點10公分處。,4
自然,腳踏車的前齒輪與後齒輪大小不同，這樣設計的目的主要為何？　,減少成本　,裝飾美觀　,降低阻力　,提高腳踏車的行進速度。,4
自然,使用定滑輪裝置時，具有哪些特點？　,省力　,適合用來搬運重物　,不省力也不費力，但可以改變施力方向　,省力，且可以改變施力方向。,3
自然,操作互相咬合的大、小齒輪時，下列哪一個敘述是不正確的？　,大、小兩個齒輪轉動方向相反　,當大齒輪逆時針方向轉動，小齒輪會順時針方向轉動　,大齒輪轉動的總齒數會比小齒輪轉動的總齒數多　,大齒輪轉一圈，小齒輪轉多於一圈。,3
自然,將一個40齒的大齒輪和一個16齒的小齒輪用鏈條連接成齒輪鏈條組，當小齒輪轉動5圈時，大齒輪會轉動幾圈？　,0.5圈　,1圈　,2圈　,1.5圈。,3
自然,使用一個動滑輪抬起物體時，若要將物體抬高10公分，則須將繩子拉動多少公分？　,5公分　,10公分　,15公分　,20公分。,4
自然,下列哪一個滑輪組合，可以省下剛好一半的力？　,2個定滑輪、1個動滑輪　,1個定滑輪　,2個定滑輪　,2個動滑輪。,1
國語,「那綠葉落盡時，花朵才在枝頭綻放的植物是什麼？」這句話運用了哪兩種修辭？　,轉化、引用　,映襯、引用　,轉化、設問　,映襯、設問,4
國語,１)颱風過後，不只石子小徑，連水缸外層、木板圍牆上，都黏了數不盡的破碎葉片。２)為了麵包，他不得不低頭，放棄夢想。以上兩句運用的修辭依序為何？　,映襯、借代　,映襯、引用　,視覺摹寫、借代　,視覺摹寫、引用,3
國語,下列哪一個句子運用了「映襯」修辭？　,賣場推出最新優惠，許多顧客一早就在店門口等待　,他躲在想像的華麗城堡裡，不肯面對現實的斑駁鏽蝕　,我使勁將巨石般沉重的棉被扛上肩，上樓時早已累得氣喘吁吁　,一群孩子在廟前廣場踢球，好像忘記吃飯時間了,2
國語,「而我除了懊悔，身上隱隱一股尿臊味，揮之不去。」這句話運用了哪種修辭？　,排比　,嗅覺摹寫　,設問　,誇飾,2
國語,「她一再保證：『我一定不讓你摔下來。』她又強調：『不摔上幾次，哪能學得成？』這矛盾理論，讓我真想打退堂鼓。」這句話運用了哪種修辭？　,類疊　,感嘆　,映襯　,借代,3
國語,「古人說：『皇天不負苦心人。』真是一點也沒錯，一切的辛苦總算有回報了。」此句使用「引用」修辭法，運用這種修辭會有什麼效果？　,加強言論的真實性、說服力、表現力　,仔細描寫所見，使讀者有如身歷其境　,使呈現的人、事或形象格外突出鮮明　,強調內心的驚訝、讚嘆等情緒,1
國語,下列哪一個句子運用了「感嘆」修辭？　,多美妙哇！我真的成為風中騎士啦！　,而我除了懊悔，身上隱隱一股尿臊味，揮之不去　,鄉下孩子不會騎單車，真令人難以置信　,她一再保證：「我一定不讓你摔下來」她又強調：「不摔上幾次，哪能學得成？」這矛盾理論，讓我真想打退堂鼓,1
國語,「陣陣怒吼聲劃破樹林裡的寂靜。」這句話運用了哪種修辭？　,譬喻　,觸覺摹寫　,映襯　,嗅覺摹寫,3
國語,「啊！好可愛的天空，天上白雲就像鬆軟的棉花糖。」這句話運用了哪兩種修辭？　,感嘆、映襯　,感嘆、譬喻　,排比、映襯　,排比、譬喻,2
國語,１)唉！這是件多令人心疼事情啊！２)震天的巨響打破午後的寧靜。以上兩句運用的修辭依序為何？　,引用、映襯　,引用、譬喻　,感嘆、映襯　,譬喻、感嘆,3
國語,下列哪一個選項運用的修辭和其他三者不同？　,巨大的石塊下壓著一株細瘦的嫩芽　,她綻放出蜜糖般的微笑　,欣欣的心如大海，難以捉摸　,今晨的冷風像把銳利的刀，非常刺骨,1
國語,「啊！那是小黑熊的媽媽。」這句話運用了哪種修辭？　,引用　,排比　,譬喻　,感嘆,4
國語,「破舊的老店裡，展示了一些較新的專輯，但更多的是那些年代久遠的黑膠唱片，細細的品味著，就像找回失聯多年的老友，回憶著一段段的往事。」這段文句把什麼譬喻成「失聯多年的老友」？　,老店　,新的專輯　,黑膠唱片　,往事,3
國語,下列哪一個句子沒有運用「聽覺摹寫」？　,轟的一聲巨響隨著閃光傳來　,眼前的山林突然亮了一下　,陣陣怒吼聲劃破樹林裡的寂靜　,牠不時發出痛苦的哀鳴,2
國語,「哥哥很擅長徒手抓魚，魚在他手上也總是非常安分。」這句話運用了哪種修辭？　,誇飾　,譬喻　,頂真　,排比,3
國語,「我如果知道答案，怎麼還會問你呢？」這句話運用了哪種修辭？　,頂真　,設問　,引用　,類疊,2
國語,１)你既然已經吃飽了，為什麼還要拿那麼多呢？２)他收到很多卡片，卡片裡都是朋友對他的祝福。以上兩句運用的修辭依序為何？　,感嘆、排比　,感嘆、頂真　,設問、排比　,設問、頂真,4
國語,下列哪一個句子運用了「頂真」修辭？　,未聞孔雀是夫子家禽　,為設果，果有楊梅　,此是君家果　,梁國 楊氏子，九歲，甚聰慧,2
國語,「頂真」修辭是指將上句的末字、詞，作為下句的首字、詞的一種修辭法。「他趕緊跑到街上，○竟然一個人也沒有」使用了「頂真」修辭，○應為下列哪一個？　,街頭　,街上　,結果　,整條街,2
國語,「楊氏子小小年紀，不但能聽懂孔君平話中的邏輯，還能觸類旁通，立即想出相似的例子回應。」句中的哪個部分使用了「類疊」修辭？　,小小年紀　,觸類旁通　,話中的邏輯　,相似的例子,1
國語,老師常說：「有志者事竟成。」這句話運用了哪種修辭？　,譬喻　,引用　,感嘆　,轉化,2
國語,「待會兒練車時，我是優雅的滑過廣場？還是搖搖晃晃，摔個四腳朝天？」這句話運用了哪種修辭？　,對偶　,排比　,感嘆　,設問,4
國語,多美妙哇！我真的成為「風中騎士」啦！這句話運用了哪兩種修辭？　,映襯、感嘆　,借代、設問　,映襯、設問　,借代、感嘆,4
國語,「為了加入『風中騎士』的行列，我……。」以『風中騎士』來代替單車技術很高明的人，此為「借代」的修辭。下列選項的語句中，哪一個也用了相同的「借代」技巧？　,哥哥是個「飛毛腿」，跑步比賽永遠都是第一名　,你走慢一點啦！我都追不上你了　,「沒問題！」我向弟弟拍拍胸脯，答應要幫他這個忙　,妹妹輕鬆的閃過向她飛來的球，讓大家驚嘆：「好俐落的身手！」,1
國語,「啊！那是小黑熊的媽媽。」上面的句子用呼聲表露情感，以強調內心的驚訝、讚嘆等情緒，此為「感嘆」的修辭法。下列選項的語句中，哪一個也用了相同的技巧？　,我完全了解「生活」這本書要教我的事　,你了解這個故事背後所包含的意義嗎　,天空中滿是星星，多到眼睛都快裝不下了　,哇！這景色真是太美了,4
國語,１)火是獵人的棉被，我們就窩在營火旁過夜。２)陣陣怒吼聲劃破樹林裡的寧靜。以上兩句運用的修辭依序為何？　,譬喻、頂真　,譬喻、映襯　,排比、映襯　,排比、頂真,2
國語,下列哪一個句子運用了「轉化」修辭？　,啊！那是小黑熊的媽媽　,牠不時發出痛苦的哀鳴　,滿天的星星多到眼睛都裝不下時　,隔天中午，我們一無所獲的回到家,3
國語,爺爺完全熟讀了「山林」這本書呢！這句話運用了哪種修辭？　,對偶　,略喻　,映襯　,引用,2
國語,１)既然孔雀不是孔家的鳥，楊梅又怎麼會是楊家的水果？２)孔君平詣其父，父不在。以上兩句運用的修辭依序為何？　,設問、頂真　,設問、類疊　,排比、頂真　,排比、類疊,1
國語,「孔君平詣其父，父不在。」上文將第一句的末字，移為第二句的首字，是一種上傳下、下接上的蟬聯，此為「頂真」的修辭法。下列選項的語句中，哪一個也用了相同的技巧？　,你聽過這個故事嗎？你知道這個故事裡有哪些角色嗎　,這是他生命中最有意義、也最印象深刻的經歷　,對於這個紛爭，我們都希望能大事化小，小事化無　,爺爺滅了營火、鑽進睡袋，準備進入夢鄉,3
國語,在風中騎士一文中，主角在學習什麼事物？　,騎馬　,騎單車　,騎機車　,騎三輪車,2
國語,在風中騎士一文中，是由誰擔任主角的教練？　,爺爺　,媽媽　,表哥　,表姐,4
國語,根據風中騎士的課文，主角為了學會騎單車，做了很多準備，其中不包含哪一項？　,抱持著想學會的決心　,穿上兩件特厚長褲　,存夠一大筆錢　,請表姐當教練,3
國語,根據風中騎士的課文，在教練教導主角的騎車守則中，不包含哪一項？　,背部拱起　,手不能彎　,眼睛直視前方　,腳用力踩,1
國語,在風中騎士一文中，教練用何種行動來幫助主角學騎單車？　,在單車側邊站著不動　,在單車後方扶著車　,在單車前方拉著車　,在單車後座坐著,2
國語,在風中騎士一文中，主角為什麼說表姐是「超級教練」？　,她車技高明　,她提供車子　,她資金雄厚　,她力大如牛,2
國語,在風中騎士一文中，當主角摔車時，她用什麼說詞來安慰自己？　,有志者事竟成　,那是別人的錯　,肉多摔不疼　,久病成良醫,3
國語,在風中騎士一文中，為什麼主角只能心領阿秀的讚美？　,還沒達到會單手騎車的階段　,距離太遠，無法回應　,覺得自己車技太差，羞於回應　,兩人不熟，不適合熱情的打招呼,1
國語,根據風中騎士一文，主角的得意時刻因為何者而結束？　,廟前廣場活動的人群　,因太累而放開手的教練　,在理髮店門口尿尿的阿雄　,拚命招手的阿秀,3
國語,在風中騎士一文中，單車事故讓阿雄額頭留下了一道疤，而主角身上則留下了什麼？　,大片瘀青　,滿身爛泥　,魚腥味　,尿臊味,4
國語,根據風中騎士的課文，當時鄉下孩子最熱門的娛樂是什麼？　,在空地裡玩陀螺　,在田野騎車遊蕩　,在學校玩紙飛機　,在草地上放風箏,2
國語,下列關於風中騎士一文的敘述，何者錯誤？　,主角經過理髮店時，阿雄正站在門口和朋友聊天　,主角最後因為不會煞車而撞到阿雄　,阿秀看到主角後，熱情的與她打招呼　,表姐氣喘吁吁是因為幫主角賣命的扶著車,1
國語,在風中騎士一文中，教練說：「不摔上幾次，哪能學得成？」這句話的意思是什麼？　,想學會騎單車，一定不能摔下車　,太常摔倒的人就是不適合騎單車　,學會騎單車的人都沒有摔車經驗　,想學會騎單車，一定要摔上幾次,4
國語,在風中騎士一文的文末寫道：「而我除了懊悔，身上隱隱一股尿臊味，揮之不去。」這段文句中所說的「懊悔」，最有可能是針對哪一件事情？　,沒有跟阿秀熱情揮手　,請表姐擔任單車教練　,害阿雄受傷，額頭留疤　,把自己新買的單車弄壞,3
國語,依據風中騎士課文的描述，在學騎單車中，最重要的一件事情是什麼？　,街道的整潔　,當天的溫度　,身體的平衡　,人潮的多寡,3
國語,風中騎士一文主要是在描寫什麼內容？　,騎士在交通上的權益　,童年生活的情趣　,單車對生活的重要　,鄉下生活的不便,2
國語,根據風中騎士課文，主角從掌握騎車的竅門到撞上阿雄後，心情上有怎樣的轉變？　,恐懼得意　,生氣懊悔　,得意生氣　,得意懊悔,4
國語,在風中騎士一文中，主角提到：「只是，這位偉大的教練忘了｜｜她根本沒有教我怎麼煞車呀！」這段文句中，主角用「偉大的教練」來稱呼表姐，其中最可能是在暗示什麼？　,反諷表姐的教學不夠完善　,稱讚表姐是最優秀的教練　,說明表姐是非常謙虛的人　,斥責表姐對主角心懷惡意,1
國語,在風中騎士的課文裡，主角總共摔下單車兩次，這兩次經驗給主角的感受最有可能是如何？　,第一次讓主角充滿懊悔，第二次讓主角愈挫愈勇　,第一次讓主角充滿懊悔，第二次讓主角神采飛揚　,第一次讓主角愈挫愈勇，第二次讓主角充滿懊悔　,第一次讓主角愈挫愈勇，第二次讓主角神采飛揚,3
國語,在達駭黑熊一文中，主角的夢想是什麼？　,成為一名作家　,成為像爺爺一樣的獵人　,成為森林動物的保護者　,推廣原住民族文化,2
國語,依據達駭黑熊一文，主角屬於哪一個原住民族？　,阿美族　,泰雅族　,排灣族　,布農族,4
國語,根據達駭黑熊的課文，爺爺在殺了黑熊後，內心的感受是什麼？　,懊悔與自責　,興奮與雀躍　,得意與自滿　,感動與驕傲,1
國語,依據達駭黑熊的內容，關於爺爺的外在描述，何者錯誤？　,長得黑黑壯壯　,一頭長捲髮　,留個大鬍子　,臉上有疤痕,2
國語,在達駭黑熊一文中，「獵人的棉被」是指什麼？　,樹葉　,枯藤　,火　,羽毛,3
國語,在達駭黑熊一文中，倒木旁想站起來的黑影是什麼？　,小獵犬　,老獵人　,小黑熊　,大山豬,3
國語,在達駭黑熊的課文中，主角和爺爺何時出發去打獵？　,天剛亮　,正中午　,天尚未亮　,傍晚時分,3
國語,在達駭黑熊一文中，為了讓黑熊媽媽來找小黑熊，爺爺做了什麼事？　,滅了營火並吟唱熊歌　,滅了營火並吹起口哨　,升起營火並吟唱熊歌　,升起營火並吹起口哨,1
國語,在達駭黑熊一文中，小黑熊的什麼動作，讓主角覺得像是在道別？　,站立起來揮手　,躺在地上打滾　,轉頭吼了幾聲　,不斷跳躍轉圈,3
國語,在達駭黑熊一文中，奶奶說什麼是最棒的收穫？　,獵捕了大黑熊　,找到水源　,找到回家的路　,拯救了小黑熊,4
國語,在達駭黑熊一文中，將火比喻成獵人的棉被，是因為兩者有何共通點？　,質地柔軟　,可以取暖　,會發光　,容易取得,2
國語,在達駭黑熊一文中，爺爺臉上的疤痕是在什麼情況下造成的？　,與大黑熊的激烈扭打中　,年幼時意外被山豬攻擊　,偷襲黑熊不成反被攻擊　,用木頭製作獵捕工具時,1
國語,根據達駭黑熊的課文內容，從主角和爺爺出發去打獵到回家，期間大約經過多久？　,一個月　,一星期　,三天半　,一天半,4
國語,在達駭黑熊一文中提到：「轟的一聲巨響隨著閃光傳來。」句中的「閃光」最有可能是什麼？　,月光　,陽光　,閃電　,路燈,3
國語,達駭黑熊一文的主旨為何？　,理解原住民族的山林智慧與特有文化　,了解打獵的技巧與使用的工具　,熟悉自然生態與野外求生的知識　,發現隔代教養的優缺點，並提出改善方法,1
國語,依據達駭黑熊的課文，主角在救小黑熊時，展現出怎樣的人格特質？　,急躁與固執　,勇敢與善良　,內向與誠實　,熱情與大方,2
國語,在達駭黑熊一文提到：「留下一地無聲的嘆息。」這句話最有可能在暗示什麼？　,黑熊被吃掉　,黑熊被抓走　,黑熊被圍攻　,黑熊被殺死,4
國語,根據達駭黑熊課文的描述，忌殺黑熊的傳統與奶奶對主角的讚揚，同時都傳遞了何種想法？　,遠離城市　,人類至上　,愛護動物　,自然無情,3
國語,ㄅ爺爺闡述曾經與黑熊搏鬥的經歷ㄆ主角拯救了一隻受傷的小黑熊ㄇ暑假期間，主角和爺爺上山打獵ㄈ爺爺肯定主角才是真正的「達駭黑熊」關於達駭黑熊的提到的內容，依序應該怎樣排列？　,ㄅㄆㄇㄈ　,ㄅㄇㄆㄈ　,ㄈㄇㄆㄅ　,ㄇㄅㄆㄈ,4
國語,根據楊氏之子一文，對楊氏子的描述不包含下列哪一項？　,梁國人　,長相醜陋　,九歲　,很聰明,2
國語,依據楊氏之子一文的內容，孔君平為什麼會到楊家？　,欣賞孔雀　,討個公道　,尋找親人　,拜訪楊父,4
國語,在楊氏之子一文中，小孩招待孔君平的食物中包含什麼？　,生菜　,楊梅　,稀飯　,烤肉,2
國語,在楊氏之子一文中，孔君平來找楊氏子的父親，而父親不在時，楊氏子選擇怎麼做？　,為他準備水果　,謝絕了他的拜訪　,請他先離開一段時間再回來　,立刻出門去找父親,1
國語,在楊氏之子一文中，楊氏子利用什麼動物來回應孔君平的玩笑？　,燕子　,毛驢　,孔雀　,烏龜,3
國語,在楊氏之子一文中，小孩準備了何者來招待孔君平？　,糕餅　,熟肉　,熱湯　,水果,4
國語,依據楊氏之子這一課的內容，下列敘述何者錯誤？　,小孩端出水果招待客人　,客人是來拜訪小孩的父親　,小孩名叫楊氏　,小孩年紀雖小，卻很聰明,3
國語,在楊氏之子一文中，小孩以「未聞孔雀是夫子家禽」來回應孔君平，是基於什麼樣的原因？　,孔君平的姓和孔雀的第一個字一樣　,孔君平家中養了數十隻的孔雀　,孔君平以愛孔雀成痴而聞名於當世　,孔君平十分害怕孔雀,1
國語,在楊氏之子一文中，孔君平是以什麼來跟小孩開玩笑？　,小孩父親的失約　,小孩父親的好客　,小孩的姓氏和楊梅　,小孩的表情和楊梅,3
國語,在楊氏之子一文中，「兒應聲答曰」和哪一句話相互呼應？　,乃呼兒出　,甚聰惠　,為設果　,父不在,2
國語,楊氏之子一文的主旨為何？　,藉由人物互動闡述身分地位的區別　,藉由人物互動說明信守約定的重要　,透過人物對話學習言談應對的精妙　,透過人物對話認識各家姓氏的由來,3
國語,依據楊氏之子一文的內容，從小孩應對孔君平的玩笑，可看出小孩具有什麼特質？　,誠實負責　,聰明伶俐　,勇敢正義　,溫暖貼心,2
國語,根據楊氏之子一文，下列對於楊、孔兩家的關係說明，何者最適切？　,孔君平態度傲慢，小孩粗魯無禮，可見兩家交惡　,楊父故意失約躲避孔君平，可見兩家存在恩怨　,小孩只用水果來招待孔君平，可見關係並不親近　,大人不在，孔君平也能進門等待，可見關係應該很好,4
國語,根據楊氏之子一課內容，關於文言文原文和白話文語譯的差別，下列敘述何者錯誤？　,文言文用字比較簡練　,文言文有些字的意思和白話文不一樣　,文言文和我們說的話比較接近　,文言文的句子通常比較短,3
國語,「這次展覽中的畫作不僅有新意，而且妙趣『橫』生，值得一看！」『橫』的讀音是什麼？　,絎　,橫　,很　,恨,2
國語,下列哪一個字讀二聲？　,家「禽」　,「寓」意　,「例」子　,「軼」聞,1
國語,下列哪一個字讀三聲？　,「邏」輯　,敏「捷」　,古「典」　,楊「梅」,3
國語,下列「　」中的字，哪一組讀音兩兩不同？　,楊「梅」／草「莓」　,「膾」炙人口／「繪」畫　,「寓」言／巧「遇」　,敏「捷」／「睫」毛,2
國語,下列「　」中的字，哪一組讀音兩兩相同？　,造「詣」／地「址」　,「軼」事／「詩」詞　,「尊」重／「諄」諄教誨　,邏「輯」／著「急」,4
國語,「他的音樂造『詣』很高，從小就展現出與眾不同的天賦，所以父母都『指』望他能在音樂上有一番成就。」『　』中字的讀音分別是什麼？　,指／指　,指／義　,詣／指　,義／義,3
國語,下列「　」中的注音，何者錯誤？　,專「輯」：擠　,「例」外：例　,「選」擇：選　,或「曰」：曰,1
國語,下列「　」中的注音，何者正確？　,「典」範：舔　,「邏」輯：邏　,「禽」獸：情　,「炙」熱：字,2
國語,下列「　」中的字，哪一個讀音和「舉例」的「例」相同？　,「黎」明　,「理」論　,條「列」　,「利」用,4
國語,下列語詞「　」中的字，哪一個讀音與其他三個不同？　,「應」該　,「應」當　,「應」變　,「應」屆,3
國語,雜「膾」、「檜」木、「繪」畫、「燴」飯，上面「　」中的字，共有幾種不同的字音？　,一種　,兩種　,三種　,四種,2
國語,「如果想要更完整、全面的認識古人，除了正史的記載，也可以查找一些『軼』聞。」『軼』寫成國字後，是下列哪一個字？　,軼　,義　,意　,益,1
國語,「進步的關鍵『乃』是找出此刻的問題並解決它。」『乃』寫成國字後，是下列哪一個字？　,奶　,乃　,仍　,氖,2
國語,「姓『氏』的背後包含了家族的起源與故事。」『氏』寫成國字後，是下列哪一個字？　,是　,式　,室　,氏,4
國語,「警察在夜間巡『邏』的時候，發現一隻身上有著『螺』旋紋路的貓咪受困，便向牠伸出了援手。」『邏』寫成國字後，是下列哪一組字？　,螺／邏　,邏／螺　,螺／螺　,邏／邏,2
國語,下列「　」中的注音寫成國字後，何者正確？　,「尊」貴：遵　,「姓」氏：性　,邏「輯」：揖　,造「詣」：詣,4
國語,下列「　」中的注音寫成國字後，何者錯誤？　,「禽」獸：禽　,鼻「梁」：梁　,「選」擇：撰　,破「例」：例,3
國語,下列「　」中的注音寫成國字後，哪一組用字相同？　,「典」故／「點」名　,公「寓」／「浴」室　,敏「捷」／「捷」徑　,楊「梅」／發「霉」,3
國語,下列「　」中的注音寫成國字後，哪一組用字不同？　,「姓」氏／「姓」名　,或「曰」／「約」會　,「邏」輯／巡「邏」　,「尊」重／自「尊」,2
國語,「這棟公遇是最點型的樣式。」句中共有幾個錯字？　,兩個　,三個　,四個　,五個,1
國語,「遵貴的客人您好，感謝您撰擇本餐廳度過您美好的日子。今日的經點牛排套餐有優惠折扣，詳情請洽服務人員，再次感謝您的光臨。」文句中共有幾個錯字？　,兩個　,三個　,四個　,五個,2
國語,「這本膾灸人口的小說，是由經典的寓言故事所改編而成的。」句中的哪一個字是錯字？　,膾　,灸　,典　,寓,2
國語,下列「　」中的字，哪一個去掉部首後，讀音不變？　,造「詣」　,「軼」聞　,「姓」氏　,「邏」輯,4
國語,下列部首何者正確？　,禽：八部　,尊：酉部　,梁：木部　,炙：肉部,3
國語,下列部首何者錯誤？　,捷：手部　,例：刀部　,寓：?部　,典：八部,2
國語,下列哪一個字，與「炙」的部首相同？　,烏　,育　,肯　,腦,1
國語,下列哪一個字，與「輯」的部首不同？　,軟　,運　,載　,輸,2
國語,下列選項中，哪一組字的部首兩兩相同？　,氏／乃　,詣／曰　,尊／典　,梁／梅,4
國語,下列哪一個字的部首及部首外的筆畫數正確？　,選：?部／十四畫　,尊：寸部／十畫　,禽：禸部／八畫　,梁：木部／八畫,3
國語,下列選項中，哪一組字的總筆畫數兩兩不同？　,炙／典　,捷／軼　,尊／寓　,梁／梅,2
國語,下列哪個選項的總筆畫數和「姓」不同？　,炙　,典　,例　,梅,4
國語,下列哪個選項的總筆畫數最多？　,膾　,選　,輯　,詣,1
國語,下列哪個選項的總筆畫數最少？　,氏　,曰　,乃　,炙,3
國語,下列哪個選項的總筆畫數和「禽」不同？　,新　,頓　,開　,號,3
國語,「弟弟吃了一顆酸□後，臉瞬間就皺在一起了。」□中應填入哪個字？　,海　,梅　,侮　,霉,2
國語,「同學舉的□子都很棒，聽完後，原本深奧的理論感覺都變簡單了。」□中應填入哪個字？　,冽　,烈　,例　,裂,3
國語,「□名」、「□別」、「犧□」□中應分別填入哪些字？　,姓／性／牲　,姓／牲／性　,性／姓／牲　,性／牲／姓,1
國語,「□言」、「相□」、「千□」□中應分別填入哪些字？　,遇／萬／寓　,遇／寓／萬　,寓／萬／遇　,寓／遇／萬,4
國語,下列語詞中的「尊」，哪一個用法有誤？　,「尊」重　,「尊」貴　,「尊」嚴　,「尊」守,4
國語,下列語詞中的「典」，哪一個用法有誤？　,字「典」　,地「典」　,「典」故　,「典」範,2
國語,「學校不應該只重視學生的成績，而忽略了品德上的教育。」句中的「重視」換成下列哪一個語詞後，意思不變？　,輕視　,鄙棄　,注重　,小看,3
國語,「他思路敏捷，表達能力又很好，你未必能在辯論中占上風。」句中的「敏捷」換成下列哪一個語詞後，意思不變？　,遲鈍　,靈活　,遲緩　,迂緩,2
國語,下列「　」中的語詞，哪一個替換後，句子意思不變？　,一聽完問題，他便「不假思索」的回答出答案深思熟慮　,他的故事傳遞出了「深刻」情感膚淺　,銷售人員的態度親切、言詞「簡練」，難怪生意如此好繁冗　,學習能力好的人，不僅能迅速領會新知識，還可以「觸類旁通」舉一反三,4
國語,「寓意」是寄託、隱含的意旨的意思。下列哪一個句子裡的「寓意」用法不適當？　,我無法明白故事中的「寓意」　,他在「寓意」巴黎的期間完成了許多作品　,作品中的「寓意」深遠，發人省思　,這些故事不僅有趣，而且富含「寓意」,2
國語,下列「　」中的語詞，哪個使用不恰當？　,紅樓夢是古典小說中的「經典」作品之一　,「文人雅士」們會定期在這間咖啡廳聚會，以分享心得與創作　,史書上記載的「軼聞」，有助於我們對此人的認識　,他從小就跟著父母做生意，難怪與人應對能如此「得體」,3
國語,「老師上課時說了許多有關蘇東坡的□事，讓我對他更加喜愛了。」□中應填入哪個字？　,跌　,迭　,軼　,瓞,3
國語,兒應聲答曰□「未聞孔雀是夫子家禽。」□中應該填入哪個標點符號？　,，　,；　,：　,、,3
國語,「有個九歲的小孩□非常聰明。」□中應該填入哪個標點符號？　,，　,。　,、　,；,1
國語,下列「　」中的字，哪一個和「詣其父」的「詣」一樣，都是代表動作的字？　,家「禽」　,楊「梅」　,「乃」呼兒出　,應聲答「曰」,4
國語,下列「　」中的語詞，哪一個和「記錄了許多奇聞軼事」的「記錄」一樣，表示一種動作？　,這本書精選了許多「膾炙人口」的故事　,看到楊桃，我就「聯想」到狼來了這個故事　,好「本領」也要有施展的機會，否則只是白費　,開「玩笑」要適當，可千萬別開過頭了,2
國語,下列「　」中的語詞，哪一個不是表示一種動作？　,「記錄」了當時的言談　,「重視」學生的品德　,「招待」來訪的客人　,「古典」文學中的經典,4
國語,關於「　」中的量詞，下列哪一個使用錯誤？　,「一隻」色彩繽紛的孔雀　,「一顆」滋味酸甜的楊梅　,「一片」自覺有趣的玩笑　,「一則」寓意深刻的故事,3
國語,關於「　」中的量詞，下列哪一個使用錯誤？　,「一戶」人家　,「一場」話　,「一名」小孩　,「一個」例子,2
國語,下列哪一個選項和「膾炙人口的故事」結構相同？　,自由自在的奔跑　,憂心忡忡的詢問　,簡潔扼要的文字　,漫無目的的走動,3
國語,下列句子的□□中，哪一個最適合填入「於是」一詞？　,運動□□能健身，還能讓心情愉悅　,她□□長得美，心地還非常善良　,聽到這件事，他□□沒有開心，反而還哭了起來　,他聽說蘋果有特價，□□去市場買了很多,4
國語,「他最近迷上了烤蛋糕、麵包，□□去報名了烘焙教室的課程。」空格中應填入下列哪一組關聯詞？　,既然　,於是　,不但　,還能,2
國語,「希望球技進步，不但要知道方法，還要勤加練習。」從上句的「不但要……還要……」來判斷，這個句子屬於哪一種句型？　,遞進句　,條件句　,因果句　,轉折句,1
國語,「緊急『煞』車時，人通常會向前傾。」『煞』的讀音是什麼？　,煞　,啥　,傻　,煞,1
國語,下列哪一個字讀二聲？　,「霎」時　,教「誨」　,「竅」門　,「矛」盾,4
國語,下列哪一個字讀一聲？　,呼「嘯」　,矛「盾」　,提「供」　,「娛」樂,3
國語,下列「　」中的字，哪一組讀音兩兩不同？　,摔「跤」／「郊」遊　,「矛」盾／給「予」　,刀「疤」／「芭」樂　,叮「嚀」／「檸」檬,2
國語,「為了『煞』住這項計畫，他可真是『煞』費苦心。」『　』中字的讀音分別是什麼？　,煞／煞　,煞／煞　,煞／煞　,煞／煞,3
國語,「為了避免水滴讓人滑倒，他特別叮『嚀』工作人員，一定要把拖把的水『擰』乾再去拖地。」『　』中字的讀音分別是什麼？　,嚀／嚀　,擰／擰　,擰／嚀　,嚀／擰,4
國語,下列「　」中的注音，何者錯誤？　,跌「跤」：跤　,「諄」諄教誨：尊　,「廟」宇：廟　,海「嘯」：嘯,2
國語,下列「　」中的字，哪一個讀音和「厚重」的「厚」不同？　,時「候」　,「後」來　,「猴」子　,皇「后」,3
國語,下列「　」中的字，哪一個讀音和「教誨」的「誨」相同？　,「會」話　,「回」家　,「毀」滅　,「灰」心,1
國語,下列語詞「　」中的字，哪一個讀音與其他三個不同？　,「蕭」瑟　,「瀟」灑　,海「嘯」　,笙「簫」,3
國語,摔「跤」、學「校」、水「餃」、「郊」遊，上面「　」中的字，共有幾種不同的字音？　,一種　,兩種　,三種　,四種,3
國語,「在公園裡可以進行許多老少咸宜的『娛』樂活動。」『娛』寫成國字後，是下列哪一個字？　,於　,餘　,愉　,娛,4
國語,「他學識淵博、待人寬『厚』，是大家眼中和藹可親的長者。」『厚』寫成國字後，是下列哪一個字？　,後　,厚　,候　,后,2
國語,「這一套系統在偵測海『嘯』狀況上極具『效』果。」『嘯』寫成國字後，是下列哪一組字？　,嘯／效　,酵／嘯　,效／嘯　,效／酵,1
國語,下列「　」中的注音寫成國字後，何者錯誤？　,寺「廟」：廟　,「竅」門：檄　,「帥」氣：帥　,矛「盾」：盾,2
國語,下列「　」中的注音寫成國字後，何者正確？　,腥「臊」味：澡　,「疤」痕：把　,叮「嚀」：擰　,「霎」時：霎,4
國語,下列「　」中的注音寫成國字後，哪一組用字相同？　,「誨」人不倦／諄諄教「誨」　,開「竅」／花「俏」　,呼「嘯」／學「校」　,「叮」咬／「丁」香,1
國語,下列「　」中的注音寫成國字後，哪一組用字不同？　,「盾」牌／後「盾」　,「供」應／提「供」　,元「帥」／「率」領　,「煞」住／「煞」車,3
國語,「他的膝蓋有個淺淺的芭痕，據說是在走路時不小心跌佼所留下的。」句中共有幾個錯字？　,兩個　,三個　,四個　,五個,1
國語,下列哪一個句子用字有誤？　,地震過後，沿海地區要慎防海嘯　,走路分心是很容易摔跤的　,他們在寺妙前的廣場玩遊戲　,他是個誨人不倦的教育工作者,3
國語,「夜晚天冷，母親盯嚀他要多加一件厚外套，別為了耍帥而感冒了。」句中的哪一個字是錯字？　,盯　,嚀　,厚　,帥,1
國語,下列「」中的語詞，哪些用字有誤？ㄅ他的容貌俊秀，是位「師哥」ㄆ小嬰兒總是包著「屁布」ㄇ英勇戰士的每道「疤痕」都是一段故事ㄈ你的話根本是自相「矛盾」　,ㄅㄈ　,ㄆㄇ　,ㄅㄆ　,ㄇㄈ,3
國語,下列哪一個字與「帥」的部首不同？　,阜　,師　,市　,帕,1
國語,下列「　」中的字，哪一個去掉部首後，讀音不變？　,教「誨」　,「娛」樂　,「疤」痕　,「霎」時,3
國語,下列部首何者錯誤？　,煞：火部　,竅：穴部　,跤：足部　,尿：水部,4
國語,下列部首何者正確？　,娛：口部　,厚：子部　,臊：肉部　,供：八部,3
國語,下列哪一個字的部首和其他三個不同？　,叮　,娛　,嚀　,嘯,2
國語,下列選項中，哪一組字的總筆畫數兩兩不同？　,嘯／諄　,跤／誨　,盾／帥　,嚀／臊,2
國語,下列選項中，哪一組字的部首兩兩不同？　,諄／課　,廟／臊　,告／叮　,尿／局,2
國語,下列選項中，哪一組字的部首兩兩相同？　,臊／操　,跤／絞　,供／拱　,霎／震,4
國語,下列哪一個字的部首及部首外的筆畫數錯誤？　,帥：巾部／六畫　,諄：言部／八畫　,盾：厂部／七畫　,嘯：口部／十二畫,3
國語,下列哪一個字的部首及部首外的筆畫數正確？　,臊：木部／十三畫　,煞：火部／九畫　,霎：雨部／九畫　,竅：穴部／十二畫,2
國語,下列哪個選項的總筆畫數和「廟」不同？　,誨　,嘯　,諄　,暴,1
國語,下列哪個選項的總筆畫數最多？　,娛　,疤　,跤　,厚,3
國語,「他因為摔□受傷，只好退出比賽。」□中應填入哪個字？　,跤　,郊　,佼　,筊,1
國語,「老師的教□對他有著深遠的影響。」□中應填入哪個字？　,侮　,悔　,海　,誨,4
國語,「本來只是被蚊蟲□咬的一個小傷口，卻因為沒處理好而演變成嚴重的感染。」□中應填入哪個字？　,盯　,町　,叮　,仃,3
國語,「腥□味」、「□場」、「泡□」□中應分別填入哪些字？　,澡／操／臊　,操／澡／臊　,臊／操／澡　,操／臊／澡,3
國語,「刀□」、「□握」、「□行」□中應分別填入哪些字？　,爬／把／疤　,把／爬／疤　,疤／爬／把　,疤／把／爬,4
國語,下列語詞中的「叮」，哪一個用法有誤？　,「叮」嚀　,「叮」鞋　,「叮」咬　,「叮」囑,2
國語,下列語詞中的「嘯」，哪一個用法有誤？　,海「嘯」　,呼「嘯」　,長「嘯」　,特「嘯」,4
國語,下列哪一個行為最不可能被認為是「俐落」的舉動？　,閃過重重防守，上籃得分　,迅速扶起不小心摔倒的同學　,一頭撞上剛擦過的玻璃門　,行動敏捷，躲過對方的攻擊,3
國語,「看他腳步如此急促，是發生什麼事情了嗎？」句中的「急促」換成下列哪一個語詞後，意思不變？　,匆促　,緩慢　,從容　,舒緩,1
國語,「他做事很小心，你大可以放心。」句中的「小心」換成下列哪一個語詞後，意思不變？　,大意　,粗心　,謹慎　,莽撞,3
國語,「路邊忽然跑出一隻小狗，嚇得他差點從車上摔下來。」句中的「忽然」換成下列哪一個語詞後，意思改變了？　,猛然　,逐漸　,遽然　,猝然,2
國語,下列「　」中的語詞，哪一個替換後，句子意思不變？　,林醫師醫術「高明」，許多病患都慕名前來求診拙劣　,「霎時」，一朵雲遮住了太陽頃刻　,他想與家人分享這「得意」的一刻失意　,雖然已經過了很久，但他還是不願面對這個「現實」理想,2
國語,「俐落」是言語或動作簡潔明快的意思。下列哪一個句子裡的「俐落」用法不適當？　,他習武多年，難怪身手相當「俐落」　,他講話不夠「俐落」，聽得人一頭霧水　,他因遲到而錯過約會，內心相當「俐落」　,王爺爺年過半百卻仍身手「俐落」，沒有一點老態,3
國語,下列「　」中的語詞，哪個使用不恰當？　,他一大早就去魚市場賣魚，所以身上的腥臭味才會「揮之不去」　,行走在鋼索上的表演者手持竹竿，藉此來保持「平衡」　,他趁著年輕的時候「賣命」工作，希望老年能有個安穩的生活　,一滴一滴的小水滴看似不多，但「霎時」也可以累積成湖泊,4
國語,「這位偉大的教練忘了□她根本沒有教我怎麼煞車呀！」□中應該填入哪個標點符號？　,？　,。　,｜｜　,、,3
國語,「不摔上幾次，哪能學得成□」□中應該填入哪個標點符號？　,：　,？　,。　,，,2
國語,下列「　」中的字，哪一個和「提供」的「供」一樣，都是代表動作的字？　,「竅」門　,「霎」時　,摔「跤」　,教「誨」,4
國語,下列「　」中的語詞，哪一個和「活動會場有提供點心」的「提供」一樣，表示一種動作？　,請大家「發揮」助人精神　,他還無法掌握「竅門」　,跟我一起加入志工的「行列」　,他仍然不肯面對「現實」,1
國語,下列「　」中的語詞，哪一個和「駕駛緊急煞車」的「煞車」一樣，表示一種動作？　,「霎時」，風雲變色　,他再次「叮嚀」大家小心　,他的話非常「矛盾」　,他擁有「高明」的歌唱技巧,2
國語,下列「　」中的語詞，哪一個不是表示一種動作？　,「提供」資料　,「加入」團隊　,「掌握」訣竅　,「再三」提醒,4
國語,下列「　」中的語詞，哪一個不是表示一種動作？　,整天無所事事，到處「遊蕩」　,「擔任」籃球隊的教練　,學習「高明」的說話技巧　,小狗在盆栽旁「尿尿」,3
國語,關於「　」中的量詞，下列哪一個使用錯誤？　,「一套」完整的理論　,「一名」資深的教練　,「一片」昂貴的單車　,「一件」厚重的長褲,3
國語,關於「　」中的量詞，下列哪一個使用錯誤？　,「一間」雜貨店　,「一頂」尿臊味　,「一位」美少女　,「一道」疤痕,2
國語,「一道」最不適合用來形容下列何者？　,疤痕　,閃電　,命令　,鞭炮,4
國語,「原本預計下午要去海邊看夕陽，然而天氣不佳，下了大雨，計畫便泡湯了。」從上句的「……然而……」來判斷，這個句子屬於哪一種句型？　,選擇句　,遞進句　,因果句　,轉折句,4
國語,「這場比賽是我們會收下勝利？還是對方會笑到最後呢？」從上句的「是……還是……」來判斷，這個句子屬於哪一種句型？　,並列句　,條件句　,選擇句　,遞進句,3
國語,「一聲雞鳴，『劃』破清晨的寧靜。」『劃』的讀音是什麼？　,荒　,劃　,劃　,謊,2
國語,「他在這次大賽中，囊『括』了多項游泳比賽的冠軍。」『括』的讀音是什麼？　,括　,擴　,鍋　,過,1
國語,下列哪一個字讀二聲？　,小心翼「翼」　,「奄」奄一息　,「狩」獵　,「黎」明,4
國語,下列哪一個字不是讀二聲？　,「吟」唱　,「骸」骨　,「尚」未　,「喉」嚨,3
國語,下列「　」中的字，哪一組讀音兩兩不同？　,歌「喉」／「猴」子　,「杉」木／襯「衫」　,喉「嚨」／靠「攏」　,工「寮」／「療」養,3
國語,下列「　」中的字，哪一組讀音兩兩相同？　,「吟」唱／「今」天　,保「守」／「狩」獵　,「殺」價／貝「殼」　,「孩」童／「骸」骨,4
國語,「導演一宣布『殺』青後，『剎』那間，劇組歡聲四起，紛紛互道感謝。」『　』中字的讀音分別是什麼？　,剎／剎　,剎／殺　,殺／殺　,殺／剎,4
國語,下列「　」中的注音，何者錯誤？　,「狩」獵：狩　,「尚」未：商　,「糞」便：糞　,「骸」骨：骸,2
國語,下列「　」中的注音，何者正確？　,「獵」物：蠟　,「遵」命：遵　,「黎」明：裡　,「吟」詠：營,2
國語,下列「　」中的字，哪一個讀音和「骸骨」的「骸」相同？　,「海」洋　,「害」怕　,「還」是　,「慧」眼,3
國語,下列語詞「　」中的字，哪一個讀音與其他三個不同？　,逼「迫」　,停「泊」　,大「伯」　,松「柏」,1
國語,「包『括』工作人員在內，將有一百人會在此用餐。」『括』寫成國字後，是下列哪一個字？　,刮　,瓜　,蝸　,括,4
國語,「這部電影講述的是關於『狩』獵的故事。」『狩』寫成國字後，是下列哪一個字？　,受　,狩　,獸　,瘦,2
國語,「頸神經受到壓『迫』，不僅讓他感到身體不適，也『破』壞了好心情。」『迫』寫成國字後，是下列哪一組字？　,破／破　,破／迫　,迫／破　,迫／迫,3
國語,下列「　」中的注音寫成國字後，何者錯誤？　,威「脅」：協　,工「寮」：寮　,「遵」守：遵　,「殺」價：殺,1
國語,下列「　」中的注音寫成國字後，何者正確？　,「黎」明：犁　,「尚」未：冏　,「糞」便：冀　,「窩」心：窩,4
國語,下列「　」中的注音寫成國字後，哪一組用字不同？　,「窩」心／被「窩」　,殘「骸」／「骸」骨　,強「迫」／「迫」害　,威「脅」／傾「斜」,4
國語,下列「　」中的注音寫成國字後，哪一組用字相同？　,「殺」價／「沙」灘　,「遵」守／「遵」照　,工「寮」／治「療」　,「狩」獵／感「受」,2
國語,「我們應該珍視大自然，不可隨意踐踏植物及臘剎動物。」句中共有幾個錯字？　,兩個　,三個　,四個　,五個,1
國語,「他擁有一副好歌侯，不僅能唱歡樂的流行歌，也能衿詠優美的詩歌。」句中共有幾個錯字？　,兩個　,三個　,四個　,五個,1
國語,「他尊守與媽媽當初的承諾，絕不服從任何形式的協珀。」句中共有幾個錯字？　,兩個　,三個　,四個　,五個,2
國語,下列「」中的語詞，哪些用字有誤？ㄅ枇杷膏可以緩解「喉嚨」不舒服的感覺ㄆ他喜歡欣賞「黎明」時，天空顏色的變化ㄇ「工療」裡的環境沒有家裡舒適ㄈ他在風雨交加的夜裡救了隻「掩掩一息」的貓咪　,ㄅㄈ　,ㄆㄇ　,ㄅㄆ　,ㄇㄈ,4
國語,下列部首何者正確？　,脅：力部　,窩：?部　,迫：?部　,黎：禾部,3
國語,下列「　」中的字，哪一個去掉部首後，讀音不變？　,「吟」唱　,喉「嚨」　,壓「迫」　,「狩」獵,2
國語,下列部首何者錯誤？　,獵：犬部　,糞：米部　,尚：口部　,括：手部,3
國語,下列哪一個字，與「脅」的部首相同？　,協　,荔　,期　,脣,4
國語,下列哪一個字的部首和其他三個不同？　,喉　,尚　,嚨　,吟,2
國語,下列選項中，哪一組字的部首兩兩相同？　,翼／糞　,括／尚　,窩／吟　,喉／嚨,4
國語,下列哪一個字的部首及部首外的筆畫數正確？　,獵：犬部／十七畫　,糞：田部／十二畫　,遵：?部／十二畫　,殺：殳部／八畫,3
國語,下列選項中，哪一組字的部首兩兩不同？　,迫／遵　,狩／獵　,寮／窩　,喉／吟,3
國語,下列選項中，哪一組字的總筆畫數兩兩不同？　,尚／奄　,迫／狩　,殺／喉　,遵／骸,3
國語,下列哪個選項的總筆畫數和「奄」不同？　,彥　,享　,杯　,居,1
國語,下列哪個選項的總筆畫數最多？　,殺　,窩　,喉　,寮,4
國語,下列哪個選項的總筆畫數最少？　,尚　,吟　,括　,迫,2
國語,「小偷逃亡多日，最後在一處工□被警方逮捕。」□中應填入哪個字？　,療　,寮　,僚　,遼,2
國語,「強□來的愛情是不會幸福的。」□中應填入哪個字？　,粕　,魄　,迫　,伯,3
國語,「□守法律規定是每個國民的責任。」□中應填入哪個字？　,樽　,蹲　,尊　,遵,4
國語,「他沒有好好審題，把答案填進去□號中，而不是作答區，所以無法得分。」□中應填入哪個字？　,括　,刮　,颳　,聒,1
國語,「□人」、「□肉」、「□燭」□中應分別填入哪些字？　,獵／蠟／臘　,蠟／獵／臘　,獵／臘／蠟　,臘／蠟／獵,3
國語,「威□」、「□助」、「□枝」□中應分別填入哪些字？　,協／荔／脅　,協／脅／荔　,脅／荔／協　,脅／協／荔,4
國語,下列語詞中的「遵」，哪一個用法有誤？　,「遵」重　,「遵」守　,「遵」照　,「遵」命,1
國語,下列語詞中的「喉」，哪一個用法有誤？　,「喉」嚨　,獼「喉」　,歌「喉」　,「喉」舌,2
國語,下列語詞中的「窩」，哪一個用法有誤？　,「窩」心　,酒「窩」　,漩「窩」　,蜂「窩」,3
國語,「我只是遵照他的指示辦理，並不清楚事件的前因後果。」句中的「遵照」換成下列哪一個語詞後，意思不同？　,遵循　,違背　,按照　,依照,2
國語,「聽到鬧鐘響起，他趕緊從床上爬起來準備上班。」句中的「趕緊」換成下列哪一個語詞後，意思改變了？　,趕忙　,從容　,連忙　,趕快,2
國語,「現場氣氛緊張，隨時可能發生激烈的衝突。」句中的「激烈」換成下列哪一個語詞後，意思不變？　,平穩　,劇烈　,和緩　,溫和,2
國語,「自責」是自我譴責、責備的意思。下列哪一個句子裡的「自責」用法不適當？　,雖然比賽輸了，但請你不要「自責」　,因為辜負了對方，所以他感到非常「自責」　,贏得比賽後，他變得非常「自責」、傲慢　,你根本沒有做錯，何必如此「自責」,3
國語,下列「　」中的語詞，哪個使用不恰當？　,「風雨交加」的夜晚，他一個人在家非常害怕　,大雨突然「傾盆」而下，使得路上行人都慌了手腳，紛紛找地方躲雨　,那頭小牛「奄奄一息」，已經沒了呼吸　,大家圍在「營火」前跳舞，臉上都是幸福的笑容,3
國語,「啊□那是小黑熊的媽媽。」□中應該填入哪個標點符號？　,；　,、　,。　,！,4
國語,「爺爺完全熟讀了『山林』這本書呢□」□中應該填入哪個標點符號？　,！　,：　,？　,、,1
國語,下列「　」中的字，哪一個和「包括」的「括」一樣，都是代表動作的字？　,「糞」便　,「狩」獵　,「喉」嚨　,「杉」木,2
國語,下列「　」中的字，哪一個和「吟唱」的「吟」一樣，都是代表動作的字？　,「黎」明　,喉「嚨」　,「尚」未　,「遵」照,4
國語,下列「　」中的語詞，哪一個和「他遵照醫生的指示，定期服藥」的「遵照」一樣，表示一種動作？　,成為一名音樂老師是我的「夢想」　,她「吟唱」了一首優美的詩歌　,那人臉上有一道「疤痕」　,哥哥在「黎明」時分就匆匆出門工作了,2
國語,下列「　」中的語詞，哪一個不是表示一種動作？　,「撫摸」嬰兒的臉頰　,鞭炮聲「劃破」寧靜的夜晚　,發現熊的「足跡」　,兩人激烈的「扭打」,3
國語,下列「　」中的語詞，哪一個不是表示一種動作？　,「成為」一名獵人　,「親吻」她的手　,「辨識」各種植物　,有「智慧」的長者,4
國語,關於「　」中的量詞，下列哪一個使用錯誤？　,「一條」杉木　,「一場」大雨　,「一則」故事　,「一隻」黑熊,1
國語,「一道」最不適合用來形容下列何者？　,窄門　,料理　,疤痕　,手錶,4
國語,下列哪一個選項和「發出痛苦的哀鳴」結構不同？　,放下沉重的包袱　,進入美麗的小徑　,翻動輕薄的紙張　,一場有趣的電影,4
國語,「身為一個好公民，我□侵害他人權益，□□破壞生活環境。」空格中應填入下列哪一組關聯詞？　,還，而且　,不，也不　,能，也能　,雖，但不,2
國語,「他把自己的垃圾收拾好，還順便把周圍也打掃乾淨。」從上句的「……還……」來判斷，這個句子屬於哪一種句型？　,並列句　,因果句　,假設句　,遞進句,4
國語,下列選項「　」中的字，哪一個讀音和其他三者不同？　,學校提「供」好吃又營養的午餐，讓孩子們吃得飽又吃得巧　,犯人的口「供」被完整記錄下來，並作為後續審判的依據　,為了「供」養家中的長輩，他日夜辛勞，身子都快撐不住了　,這家米商「供」應了許多的白米，讓村民有足夠的糧食,3
國語,下列選項「　」內的字，哪一個是錯別字？　,老師對我的教「誨」，我會永遠記在心中　,看書是我最愛的「娛」樂活動　,哥哥因為來不及「煞」車而連人帶車撞上了圍牆　,他不小心摔了一「郊」，膝蓋因此而破皮流血,4
國語,「我不但有『志』，還穿上兩件特厚長褲，更有個超級教練。」從上句的「不但……還……更……」來判斷，這個句子是屬於哪一種類型？　,轉折複句　,遞進複句　,選擇複句　,假設複句,2
國語,下列選項「　」中的字，哪一個字的注音是正確的？　,病人要「遵」照醫囑，好好吃藥及照顧自己，這樣病才好得快：諄　,獵人到山上「狩」獵，希望能捕捉到獵物好過冬：狩　,在壞人的威「脅」下，他不敢向警方說出真正的主謀：學　,朋友之間應該互相尊重，不能強「迫」對方做不願意做的事：播,2
國語,下列選項「　」內的字，哪一個是錯別字？　,小明忘了帶字「典」，只好先向其他同學借　,西遊記是一部「燴」炙人口的作品　,這張專「輯」收錄了小玲歷年來的冠軍歌曲　,猴子的動作敏「捷」，一下子就爬到了樹上,2
國語,下列哪一個選項「　」中的國字讀音是相同的？　,姐姐在語文上的造「詣」極佳／為了減少體「脂」肪，我正在努力的運動和控制飲食　,山上的「梅」花開了／我從不後「悔」做過的任何決定　,戰爭時，最痛苦的還是這些無辜的老百「姓」／他在農場裡養了許多「牲」畜　,雞是農村常見的家「禽」／警察施展了「擒」拿術，三兩下就抓住了歹徒,4
國語,下列哪一個選項的句子最通順、合理？　,若想要有豐富的知識，不但要多讀書，還要多看看世界才行　,想要使身體健康，不但能運動，還能正常規律睡覺　,小平想了好久，才不假思索的說出了答案　,這些奇聞軼事，妙趣橫生，看起來非常無聊,1
國語,「寓意」的「寓」是什麼意思？　,住處　,寄居　,影響　,寄託,4
國語,「軼聞」的「軼」是什麼意思？　,正式　,散失　,記錄　,可靠,2
國語,「敏捷」的「捷」是什麼意思？　,快速、迅速　,戰勝、勝利　,輕柔、柔和　,壓力、負擔,1
國語,「古典」是什麼意思？　,意義非凡，難以取得　,樣式特殊，與眾不同的　,屬於過去及傳統風格的　,品質優良且深受喜愛的,3
國語,「一語中的」是什麼意思？　,沒有任何想法，一句話都說不出來　,事情複雜，很難說得明白　,說話非常謹慎，不輕易表露自己的想法　,一句話就說中事情的重點,4
國語,下列哪一個語詞是「形容受人讚賞的詩文，或流行一時的事物」的意思？　,妙趣橫生　,膾炙人口　,一語中的　,觸類旁通,2
國語,下列哪一個語詞是指「屬於過去及傳統風格的」的意思？　,典雅　,經典　,古典　,典藏,3
國語,下列哪一個語詞是「迅速快捷」的意思？　,大捷　,捷徑　,敏捷　,捷報,3
國語,下列哪一個字是指「鳥類」的意思？　,楊「梅」　,膾「炙」人口　,敏「捷」　,家「禽」,4
國語,下列哪一個字是指「拜訪」的意思？　,「詣」其父　,「乃」呼兒出　,指以示兒「曰」　,「寓」意,1
國語,下列哪一個語詞的解釋正確？　,寓意：無法用文字準確說明的意思　,觸類旁通：指設身處地為他人著想　,例子：清楚說明某事的原因、理由　,軼聞：不見於正式記載的雜談瑣聞,4
國語,下列「　」中的字，哪一個解釋有誤？　,「膾」炙人口：切細的肉絲　,「軼」聞：散失　,敏「捷」：清楚、明白　,家「禽」：鳥類,3
國語,下列「　」中的字，哪一個解釋有誤？　,慶「典」：典禮、儀式　,「典」故：沒有根據的　,字「典」：可作為依據或模範的書　,「典」雅：文雅、雅緻,2
國語,下列「　」中的字，哪一個不是「快速、迅速」的意思？　,敏「捷」　,連戰皆「捷」　,便「捷」　,「捷」足先登,2
國語,下列「　」中的字，哪一組的字義兩兩不同？　,挑「選」╱推「選」　,「寓」意╱「寓」教於樂　,「尊」敬╱一「尊」神像　,慣「例」╱史無前「例」,3
國語,下列哪一組語詞的意思兩兩相似？　,簡練／繁冗　,膾炙人口／乏善可陳　,不假思索／冥思苦想　,敏捷／靈活,4
國語,下列哪一組語詞的意思兩兩相反？　,記錄／記載　,招待／款待　,得體／失禮　,觸類旁通／舉一反三,3
國語,關於「　」中的字，它們的字義有什麼關係？ㄅ精「選」ㄆ推「選」ㄇ挑「選」ㄈ人「選」　,ㄅㄆㄇ相同　,ㄆㄇㄈ相同　,ㄅㄇㄈ相同　,ㄅㄆㄈ相同,1
國語,「選」有挑揀、擇取、經挑揀編輯成冊的作品、被挑中的人或物、選舉活動等解釋。下面哪一個句子中的「選」字是「挑揀、擇取」的意思？　,這本文「選」中，有些文章我以前就讀過了　,全校才藝表演的主持工作還沒有人「選」　,年底大「選」在即，各黨候選人都已準備好了　,他從收藏中「選」了一隻公仔當禮物,4
國語,「典」有典禮、儀式、可遵守的法度、準則、文雅、雅緻、以物品質押貸款等解釋。下面哪一個句子中的「典」字是「典禮、儀式」的意思？　,史書上有記載古代的「典」章制度　,總統的就職大「典」邀請了各國嘉賓來參加　,因為缺錢，他把車子拿去「典」當了　,這篇文章的用詞「典」雅，而且情感真摯,2
國語,下列句子中的「招待」，哪一個的意思和其他三個不同？　,哥哥週末要去擔任婚禮「招待」　,爸爸叮嚀他要好好「招待」客人　,他為了「招待」朋友而花了一大筆錢　,媽媽端出拿手料理來「招待」大家,1
國語,下列句子中的「擺出」，哪一個的意思和其他三個不同？　,攤販才「擺出」商品，客人就上門了　,媽媽一「擺出」餅乾、花茶，客人眼睛都亮了　,他明明沒錢，卻還要「擺出」一副闊綽的樣子　,他「擺出」所有工具，卻發現沒有一件可用的,3
國語,「一語中的」與下列哪一個選項的意思最相近？　,無法承受別人一句指責的話語　,一次都沒有努力就說放棄　,一下子就能跑到目的地　,只說一句就點出了問題的核心,4
國語,「牆邊的置物櫃突然『應聲』倒地，問了在場的人是什麼原因，卻沒有一人『應聲』。」上句中出現了兩次「應聲」，請問它們的意思依序是什麼？　,「應聲」倒地：回答╱沒有一人「應聲」：隨著聲音　,「應聲」倒地：隨著聲音╱沒有一人「應聲」：回答　,「應聲」倒地：隨著聲音╱沒有一人「應聲」：隨著聲音　,「應聲」倒地：回答╱沒有一人「應聲」：回答,2
國語,「煞車」的「煞」是什麼意思？　,去除　,修理　,使停止　,使前進,3
國語,「尿臊味」的「臊」是什麼意思？　,殘留的氣味　,腥臭的氣味　,淡淡的氣味　,濃烈的氣味,2
國語,「教誨」的「誨」是什麼意思？　,教導、勸導　,吸引、誘引　,停止、不動　,增進、強化,1
國語,「賣命」是什麼意思？　,比喻事態非常嚴重　,比喻工作時非常拚命　,生活困苦，難以生存　,指上位者不愛護百姓,2
國語,「霎時」是什麼意思？　,指美好的時光　,指艱困的時光　,指極長的時間　,指極短的時間,4
國語,「矛盾」是什麼意思？　,形容一個人的態度不佳　,形容事情的進展很順利　,比喻言語行為自相牴觸　,比喻武器設備精良先進,3
國語,下列哪一個語詞是指「比喻關鍵、要點或特殊的方法」的意思？　,呼嘯　,精神　,平衡　,竅門,4
國語,下列哪一個語詞是指「言語或動作簡潔明快」的意思？　,高明　,俐落　,優雅　,熱門,2
國語,下列「　」中的字，哪一個不是「給予」的意思？　,口「供」　,提「供」　,「供」應　,「供」給,1
國語,下列哪一個語詞是指「怎麼驅趕都無法去除。引申為受到事物的糾纏、干擾而無法安寧」的意思？　,氣喘吁吁　,難以置信　,揮之不去　,打退堂鼓,3
國語,下列哪一個字是指「撮口吹出聲音，或發出悠長高昂的聲響」的意思？　,呼「嘯」　,「矛」盾　,矛「盾」　,「煞」車,1
國語,下列哪一個字是指「比喻事情的關鍵、要點」的意思？　,「叮」嚀　,教「誨」　,「竅」門　,「娛」樂,3
國語,下列哪一個語詞的解釋正確？　,擔任：以雙手舉起東西　,瞥見：突然、無意中看見　,強調：整齊的樣子　,教誨：指責斥罵,2
國語,下列哪一個語詞的解釋錯誤？　,神采飛揚：活力充沛、神色自得的樣子　,氣喘吁吁：大聲喘氣、呼吸急促的樣子　,揮之不去：無法如期完成事物　,諄諄教誨：懇切耐心的教導,3
國語,下列「　」中的字，哪一個解釋有誤？　,濃「厚」：濃、深　,「厚」利：多、大　,「厚」此薄彼：重視、推崇、優待　,仁「厚」：扁平物體表面與底面之間的距離,4
國語,下列「　」中的字，哪一個解釋有誤？　,教「誨」：引誘、誘使　,摔「跤」：筋斗、跟頭　,「娛」樂：快樂、歡樂　,提「供」：給予,1
國語,下列「　」中的字，哪一組的字義兩兩不同？　,「竅」門╱訣「竅」　,統「帥」╱元「帥」　,抹「煞」╱「煞」住　,「叮」嚀╱「叮」囑,3
國語,下列哪一組語詞的意思兩兩相似？　,高明／拙劣　,優雅／粗魯　,偉大／平凡　,霎時／剎那,4
國語,下列哪一組語詞的關係和「懊悔╱悔恨」不同？　,得意╱稱心　,抱怨╱埋怨　,急促╱匆促　,現實╱幻想,4
國語,「不禁」是什麼意思？　,能力不足、沒有能力　,沒有勇氣、沒有膽量　,沒有察覺、感覺不到　,控制不住、不由自主,4
國語,「供」有給予、受審者陳述案情、受審者所陳說的案情等解釋。下面哪一個句子中的「供」字是「給予」的意思？　,學校提「供」場地給社區辦活動　,他的口「供」對於這個案件的幫助很大　,在親人的勸說下，他終於「供」認罪行　,受到感化後，他終於招「供」了,1
國語,下列句子中的「精神」，哪一個的意思和其他三個不同？　,早上五點起床的他，看起來非常沒有「精神」　,打起「精神」！我們就快到山頂了!　,老師告訴我們，做實驗時應該秉持著科學「精神」　,做了一天的工作，讓他累到提不起一點「精神」來吃飯,3
國語,「厲害」有猛烈、強烈、嚴重、高強等解釋。下面哪一個句子中的「厲害」是「高強」的意思？　,媽媽帶著燒得很「厲害」的弟弟去掛急診　,他的歌唱實力很「厲害」，小小年紀已經獲獎無數　,害怕打針的他，一看到針頭，就哭得很「厲害」　,玩完雲霄飛車後，我的心跳得很「厲害」,2
國語,「煞」有去除、使停止、極、甚、凶戾的鬼神等解釋。下面哪一個句子中的「煞」字是「使停止」的意思？　,請不要因小小的失誤，而抹「煞」他的功勞　,車子突然急「煞」，讓乘客都嚇了一跳　,他「煞」費苦心，只為了把工作做到最好　,這個人雖然看上去凶神惡「煞」，但其實是個善良的人,2
國語,下列句子中的「騎士」，哪一個的意思和其他三個不同？　,「騎士」和行人都應該遵守交通規則　,一群「騎士」上街遊行，爭取行車權益　,機車「騎士」享受著迎面而來的涼風　,一個富有「騎士」精神的人救了他,4
國語,「他在回家的路上，看到一個『騎士』因為被車子撞到而摔倒，便發揮『騎士』精神，奮勇攔下肇事車輛。」上句中出現了兩次「騎士」，請問它們的意思依序是什麼？　,一個「騎士」：形容人富有正義感╱「騎士」精神：形容人富有正義感　,一個「騎士」：形容人富有正義感╱「騎士」精神：騎機車的人　,一個「騎士」：騎機車的人╱「騎士」精神：騎機車的人　,一個「騎士」：騎機車的人╱「騎士」精神：形容人富有正義感,4
國語,「他以為工作場合都會遇到真心付出的夥伴，但『現實』中，卻有不少『現實』之人只看利益做事，實在令他無法認同。」上句中出現了兩次「現實」，請問它們的意思依序是什麼？　,「現實」中：存在於眼前的事實及狀況╱「現實」之人：存在於眼前的事實及狀況　,「現實」中：存在於眼前的事實及狀況╱「現實」之人：指人勢利短視　,「現實」中：指人勢利短視╱「現實」之人：存在於眼前的事實及狀況　,「現實」中：指人勢利短視╱「現實」之人：指人勢利短視,2
國語,「狩獵」的「狩」是什麼意思？　,企圖　,拒絕　,喜愛　,打獵,4
國語,「威脅」的「脅」是什麼意思？　,逼迫　,態度　,樣貌　,打開,1
國語,「黎明」的「黎」是什麼意思？　,可能、或許　,即將、接近　,清楚、明顯　,期待、想要,2
國語,「尚未」是什麼意思？　,已經　,還沒有　,有可能　,將要,2
國語,「一無所獲」是什麼意思？　,有很多收穫　,一定不會有收穫　,沒有得到任何收穫　,一直沒有收穫,3
國語,下列哪一個語詞是指「還沒有」的意思？　,尚可　,風尚　,尚未　,高尚,3
國語,下列哪一個語詞是指「吟詠歌唱」的意思？　,低吟　,吟唱　,沉吟　,呻吟,2
國語,下列哪一個語詞是指「以權勢威力脅迫」的意思？　,祈禱　,撫摸　,判斷　,威脅,4
國語,「骸骨」是什麼意思？　,人死後火化骨骼所遺留的灰　,筋肉及骨骼　,一般指屍骨　,高傲不屈的氣骨,3
國語,「獵寮」的「寮」是什麼意思？　,簡陋的屋舍　,居室中的一間　,屋內的正堂　,圍牆內房屋四周的空地,1
國語,下列哪一個語詞的解釋正確？　,激烈：情緒平靜、穩定　,印記：印象深刻　,回歸：誠心歸降　,包括：包含、涵蓋,4
國語,下列「　」中的字，哪一個解釋有誤？　,「迫」使：強逼　,強「迫」：狹窄　,「迫」近：接近　,「迫」害：摧殘、殘害,2
國語,下列「　」中的字，哪一個解釋有誤？　,蜂「窩」：鳥獸昆蟲等的巢穴　,酒「窩」：凹陷的地方　,腋「窩」：藏匿　,安樂「窩」：人聚集或居住的地方,3
國語,下列「　」中的字，哪一個不是「強逼」的意思？　,強「迫」　,壓「迫」　,「迫」近　,「迫」使,3
國語,下列「　」中的字，哪一組的字義兩兩相同？　,「遵」命╱「遵」守　,酒「窩」╱鳥「窩」　,「殺」風景╱「殺」價　,「尚」未╱崇「尚」,1
國語,下列哪一組語詞的意思兩兩相似？　,遵照／違背　,激烈／溫和　,包括／包含　,年輕／年邁,3
國語,下列哪一組語詞的關係和「寂靜╱喧鬧」不同？　,尚未╱已經　,痛苦╱高興　,傳統╱現代　,獨自╱單獨,4
國語,關於「　」中的字，它們的字義有什麼關係？ㄅ強「迫」ㄆ「迫」害ㄇ窘「迫」ㄈ「迫」使　,ㄅㄆ相同　,ㄅㄈ相同　,ㄇㄈ相同　,ㄆㄇ相同,2
國語,下列「　」中的字，哪一個不是「打獵的」的意思？　,「獵」犬　,「獵」取　,「獵」人　,「獵」槍,2
國語,下列「　」中的字，哪一個解釋有誤？　,「黎」明：遠離　,威「脅」：逼迫　,「獵」人：打獵的　,「尚」未：猶、還,1
國語,「迫」有接近、強逼、危急、緊急等解釋。下面哪一個句子中的「迫」字是「強逼」的意思？　,事情已「迫」在眉睫，他竟然還慢慢來，真令人無語　,災區物資非常缺乏，「迫」切需要各界援助　,考試日期「迫」近，大家都繃緊神經，專心讀書　,劉媽媽從來不會強「迫」自己的小孩做他不願意做的事,4
國語,「不時」有時時、經常、臨時、在預料之外的等解釋。下面哪一個句子中的「不時」不是「時時、經常」的意思？　,受傷的小狗「不時」發出痛苦的聲音　,我會隨身帶傘，以備「不時」之需　,媽媽「不時」察看生病的弟弟　,他「不時」張望門口，不知道在等什麼,2
國語,下列句子中的「殺」，哪一個的意思和其他三個不同？　,「殺」蟲劑要放在孩童拿不到的地方，以免發生危險　,在早期，「殺」雞招待是重視客人的一種表達方式　,他在市場裡買水果時，總會和攤販進行一場激烈的「殺」價　,他不過是誤傷朋友，卻被謠傳成「殺」人如麻的惡徒，真是太冤枉了,3
國語,「媽媽『不時』提醒我，離家在外要多存錢，以備『不時』之需。」上句中出現了兩次「不時」，請問它們的意思依序是什麼？　,「不時」提醒我：臨時、在預料之外的╱「不時」之需：臨時、在預料之外的　,「不時」提醒我：臨時、在預料之外的╱「不時」之需：時時、經常　,「不時」提醒我：時時、經常╱「不時」之需：時時、經常　,「不時」提醒我：時時、經常╱「不時」之需：臨時、在預料之外的,4
國語,「她早上洗臉時，長長的指甲不小心『劃破』額頭，而她那驚恐的尖叫聲也『劃破』了晨間的寧靜。」上句中出現了兩次「劃破」，請問它們的意思依序是什麼？　,「劃破」額頭：瞬間改變原來的樣子或景象╱「劃破」了晨間的寧靜：用尖銳的器具將物體割破　,「劃破」額頭：用尖銳的器具將物體割破╱「劃破」了晨間的寧靜：瞬間改變原來的樣子或景象　,「劃破」額頭：用尖銳的器具將物體割破╱「劃破」了晨間的寧靜：用尖銳的器具將物體割破　,「劃破」額頭：瞬間改變原來的樣子或景象╱「劃破」了晨間的寧靜：瞬間改變原來的樣子或景象,2
國語,「樹上有一個蜂『窩』。」句中的『窩』和下列哪一個選項中的「窩」意思相似？　,每天下班後，他都迫不及待的回到溫暖的安樂「窩」休息　,那個女孩笑起來時有對深深的酒「窩」　,「窩」藏罪犯是違法的行為，請勿以身試法　,這個鳥「窩」裡有五隻在嗷嗷待哺的幼鳥,4
國語,「這隻『獵』犬不僅身手俐落還很聰明。」句中的『獵』和下列哪一個選項中的「獵」意思不同？　,作為一名經驗豐富的「獵」人，他能輕鬆的辨識各種足跡　,他穿上「獵」裝後，感覺更有架式了　,千萬別像他一樣，為了「獵」取功名而不擇手段　,未經許可，一般民眾不可隨意製造「獵」槍,3
